sample_id,mean,std,variance,max,min,rms,peak_to_peak,energy,dominant_frequency,dominant_magnitude,spectral_energy,snr_db,label
0,0.00432277909635404,0.21884983318836645,0.04789524948657582,0.8614969512158049,-0.7247694105644371,0.21889252135623935,1.586266361780242,47.9139359056917,221.0,16.642380901396773,23972.497657768305,10,0
1,0.01583946417594153,0.22292603251028031,0.049696015970774554,0.7140005581170128,-0.6574908867377123,0.22348804128220262,1.371491444854725,49.9469045961555,98.0,16.575953241538436,25100.522775995156,10,0
2,0.0013045700342588574,0.2197970814973413,0.048310757034748894,0.8779334407414486,-0.67518344393023,0.2198009529954845,1.5531168846716787,48.31245893772318,194.0,16.649979326768914,24163.531673483136,10,0
3,-0.0041857443456845885,0.22955894924612316,0.052697311178984144,0.725177633736548,-0.6550446407442777,0.22959710720022491,1.3802222744808257,52.71483163471157,177.0,18.28108491708279,26367.513446573255,10,0
4,-0.011017920720362806,0.2217919824141161,0.04919168346318358,0.6960678817386562,-0.7103325670689048,0.2220654814242497,1.406400448807561,49.31307804018378,412.0,15.084670250480562,24717.401710089718,10,0
5,-0.010450845136772238,0.22514642578143684,0.050690913042156054,0.6928008149232457,-0.6483510137090082,0.22538884889503485,1.341151828632254,50.80013320622885,356.0,15.515657616863633,25458.56687130338,10,0
6,-0.0062959883725377495,0.2290833450298241,0.052479178970053435,0.789120729575587,-0.6065586089300122,0.2291698462704912,1.3956793385055992,52.51881843964057,337.0,19.200231121714236,26279.348810480784,10,0
7,0.004297061152356191,0.23282365072054695,0.054206852334843236,0.6971346937077496,-0.824743551748482,0.23286330125073448,1.5218782454562316,54.22531706939032,408.0,17.943535474316796,27185.124968674543,10,0
8,0.004101343765211969,0.2261066028029355,0.05112419583108445,0.7552057793115465,-0.8579022612606885,0.2261437968456462,1.613108040572235,51.1410168517649,345.0,17.95242226487612,25638.9626764703,10,0
9,-0.0026909236593751825,0.21570019278194466,0.046526573166168095,0.6190271569295801,-0.8770753597580889,0.21571697716292215,1.4961025166876691,46.53381423630868,330.0,16.197488378407854,23271.867704974633,10,0
10,-0.0089238147312846,0.21688031975396133,0.04703707309658051,0.6516146300316656,-0.7228236048813808,0.21706383292925333,1.3744382349130464,47.1167075659388,146.0,21.48011102044588,23598.732359706537,10,0
11,-0.0025030334793665907,0.22678915121795,0.0514333191101582,0.7552919399762922,-0.7548024331424683,0.22680296357578097,1.5100943731187604,51.43958428675703,448.0,16.88739648397694,25726.911240825313,10,0
12,0.0019524229957236718,0.2175110517550769,0.047311057635599736,0.7343511544224043,-0.6222888705411643,0.21751981424953903,1.3566400249635686,47.314869591153965,135.0,18.72100609667752,23659.77220621926,10,0
13,0.014303660809407471,0.2292094821400974,0.05253698670293163,0.766727691758766,-0.6892818568489889,0.22965535355284494,1.4560095486077549,52.741581415482216,364.0,20.082659903100083,26476.209975829588,10,0
14,0.006969378885064765,0.22517093802387508,0.050701951330551796,0.7022199105086311,-0.7444996822571869,0.22527876857927687,1.446719592765818,50.750523572595384,207.0,19.972439162826966,25431.413209462342,10,0
15,-0.0016157156880361506,0.22861478543290806,0.052264720118534586,1.001553686224232,-0.8128554820602368,0.22862049482869892,1.814409168284469,52.26733065571915,64.0,16.86282857297242,26209.22647225113,10,0
16,0.006642873223640303,0.22186481777398642,0.0492239973658842,0.6663157262484043,-0.6560110597598663,0.221964242909865,1.3223267860082706,49.268125130549556,498.0,17.8005241465752,24670.06217289642,10,0
17,0.007179878179832308,0.2245653868288993,0.05042961296161317,0.6924421674412945,-0.6697620378582378,0.2246801362210073,1.3622042052995322,50.481163612290395,492.0,18.00623027154519,25279.39216855114,10,0
18,-0.0008708542899911,0.2217323332225074,0.04916522759629706,0.8815320129969203,-0.7459302630859773,0.22173404335710709,1.6274622760828976,49.16598598349145,257.0,21.996077536161756,24583.37256603098,10,0
19,0.007128266759187187,0.22462315571871944,0.05045556208503608,0.6552395354207841,-0.8623117382935104,0.22473623266404155,1.5175512737142944,50.506374272026214,280.0,20.302520468858052,25285.870752186493,10,0
20,-0.008775996600189512,0.22637478808185307,0.05124554467910389,0.8056177567193864,-0.7153773224706175,0.22654483617030519,1.520995079190004,51.32256279543042,208.0,19.148662781793625,25700.251119621375,10,0
21,0.009206012938167312,0.21933520110697136,0.048107930444635565,0.8075224231003969,-0.7184382681664971,0.2195283150731433,1.525960691266894,48.19268111885327,500.0,18.630597972941978,24312.265486950186,10,0
22,-0.013307259080048709,0.2251119362842492,0.05067538385764386,0.6559741778180237,-0.8173021911415589,0.22550491569335557,1.4732763689595827,50.85246700186741,241.0,19.651744049989855,25518.12706438337,10,0
23,-0.002569604125446842,0.2158156278138598,0.04657638520869045,0.701384322812379,-0.6232567510027859,0.2158309247398342,1.3246410738151648,46.58298807405197,91.0,16.74228690341376,23300.174582325613,10,0
24,-0.005071633791172267,0.21169754751509404,0.0448158516239055,0.6793804222846157,-0.7815158701920395,0.2117582893140603,1.4608962924766553,44.841573093217264,352.0,16.87343703925311,22435.59159641853,10,0
25,0.0027248308260716014,0.21942260663828048,0.04814628030393757,0.7189795275830637,-0.6831898620845476,0.2194395247145971,1.4021693896676113,48.15370500696827,383.0,16.975521125101416,24132.00584877633,10,0
26,0.01019767237929761,0.22281706956926983,0.04964744649143683,0.7063608567304746,-0.6729091362526468,0.22305030601501608,1.3792699929831214,49.751439013392314,307.0,17.965495853415213,24965.839293477526,10,0
27,-0.0042884212064475714,0.22691269573035705,0.051489371483617596,0.7004094200907975,-0.6832772929740878,0.22695321553144276,1.3836867130648853,51.50776204006151,401.0,18.356403816396295,25763.338525804746,10,0
28,-0.0168808198126775,0.2211069406230355,0.04888827919167854,0.8254723332082041,-0.7721934480384306,0.22175040308695412,1.5976657812466346,49.17324126922663,435.0,17.905140446678587,24733.195304065688,10,0
29,0.0008976200301036936,0.22606254791349165,0.05110427556913971,0.7501054133687874,-0.7664290925510583,0.22606432998343226,1.5165345059198456,51.10508129085815,26.0,17.40380549573855,25574.654741824583,10,0
30,0.006355226804733552,0.2269751544015628,0.051517720715613266,0.7486818869618397,-0.7899621619797624,0.22706410906031116,1.538644048941602,51.55810962335288,121.0,18.834432472992113,25871.271695672687,10,0
31,-0.004704473865708197,0.22209759024587172,0.04932733959302313,0.5868843670167424,-0.7162898537607151,0.22214740976967584,1.3031742207774575,49.349471667376264,23.0,16.820303004028048,24686.45209544249,10,0
32,-0.009717135838697311,0.2346462402071494,0.05505885804335125,0.8055244877301291,-0.998539379943626,0.2348473563237597,1.804063867673755,55.15328077225895,189.0,19.685137191046667,27731.594365507983,10,0
33,0.008358362922139647,0.23163872316646233,0.05365649807018897,0.8335688767680893,-0.7683269078228067,0.23178947409433234,1.601895784590896,53.72636030092716,179.0,19.02685243688226,26900.288212671134,10,0
34,-0.012508032184119156,0.23057297669277602,0.05316389758096743,0.7019272287042173,-0.727175887628374,0.23091199286759967,1.4291031163325914,53.32034845008639,379.0,18.76819365311908,26827.268359446793,10,0
35,-0.010413998682096602,0.2225109296023468,0.04951111379250054,0.6752149694738709,-0.6889644802350101,0.2227544952656427,1.364179449708881,49.61956516105124,70.0,17.9015945611319,24864.76933499973,10,0
36,0.0024823319592873496,0.21935474885300277,0.048116505844363916,0.6366052994367203,-0.6857574907603005,0.21936879408047083,1.3223627901970207,48.12266781632002,157.0,18.517815423677625,24065.132287680546,10,0
37,-0.014187501869012693,0.21059435358446585,0.044349981761659024,0.7334972869109533,-0.711040601546354,0.21107171049418785,1.4445378884573072,44.55126697094226,481.0,18.10798454994393,22407.457945130758,10,0
38,0.004360910273377209,0.22158590101807316,0.04910031152999131,0.669598672367373,-0.7180503103552822,0.22162880920224193,1.3876489827226552,49.11932906840376,467.0,19.981016872444354,24577.791331517237,10,0
39,0.013043976310714247,0.22312509375637443,0.04978480746379088,0.7369866419742732,-0.7710058345572846,0.2235060464099022,1.5079924765315578,49.95495278178536,103.0,17.722740970292897,25182.579341894256,10,0
40,0.006340785519243209,0.2196204876126874,0.04823315857923458,0.6314052843411719,-0.6848290715001273,0.21971200272228103,1.3162343558412992,48.27336414023563,341.0,17.635767588670564,24158.85520519995,10,0
41,0.005445561597893652,0.22799072976725765,0.051979772859806705,0.7907925184876669,-0.6748896643422015,0.22805575414999543,1.4656821828298683,52.00942700092316,408.0,18.061325152456583,26025.430698830554,10,0
42,0.0013292082871662057,0.22977754557465946,0.05279772045031471,0.7139781342842934,-0.7152952665285516,0.2297813901189245,1.429273400812845,52.79948724498538,397.0,17.520066635127996,26441.657810524946,10,0
43,0.0023170232860155477,0.22505886886612073,0.05065149445529773,0.7206687084015213,-0.9604786230315772,0.22507079564484966,1.6811473314330985,50.65686305220567,199.0,16.150191362903836,25339.253487171038,10,0
44,0.0046624734025559585,0.2070025924479683,0.04285007328017966,0.7559283803253457,-0.6217123900946465,0.20705509396875313,1.3776407704199922,42.871811938409195,253.0,16.073002648148588,21450.224899362896,10,0
45,0.006173822520502787,0.22269905618647357,0.049594869626346114,0.6599076207970247,-0.7238137940502688,0.22278461731201457,1.3837214148472934,49.63298571086078,195.0,16.210396549749326,24841.48538564596,10,0
46,-0.010224235926131873,0.22491646613973834,0.05058741674078806,0.7118374643141773,-0.7352541971765533,0.22514873248824044,1.4470916614907305,50.69195174106126,436.0,17.54807126080056,25464.5148568546,10,0
47,-0.011633088174272277,0.2254462459141388,0.05082600979677835,0.6608772923310441,-0.6632078693467212,0.22574618166704116,1.3240851616777651,50.96133853724875,1.0,17.842389512869925,25551.047985687288,10,0
48,0.001494097321908705,0.22944528675965184,0.05264513961621886,0.6854724295554663,-0.7259704118522008,0.2294501513249146,1.4114428414076672,52.6473719430262,263.0,19.33936261151141,26333.440951853998,10,0
49,0.008699636943615007,0.22304292296184183,0.049748145483362115,0.6672481642672589,-0.7301435629133003,0.22321252018270127,1.3973917271805592,49.82382916631283,21.0,20.140671129598655,25025.985610054253,10,0
50,-0.00035033004562069216,0.21964298278983058,0.04824303988881381,0.7606825008096704,-0.6740495225964466,0.21964326217745603,1.434732023406117,48.24316261995468,195.0,18.854333556687166,24155.856127092837,10,0
51,-0.001641482601465256,0.22163801827707355,0.049123411145788394,0.6582196344642522,-0.7417749269407342,0.22164409672021337,1.3999945614049865,49.1261056109193,326.0,16.600135137921374,24568.1488394147,10,0
52,0.005334668562073854,0.22437283863167637,0.05034317071563628,0.8374922555269632,-0.7650437409873067,0.22443624797323503,1.6025359965142698,50.37162940430345,447.0,17.93774704627804,25257.672988862596,10,0
53,-0.001569806131831058,0.2300318960853664,0.05291467321662881,0.6146968165602029,-0.764714224604567,0.23003725243516612,1.37941104116477,52.917137507920344,67.0,24.605724625775046,26499.877586765717,10,0
54,0.012236446011852576,0.2274310153258856,0.05172486673216322,0.7084399981223084,-0.7331080575873178,0.22775995553029996,1.4415480557096263,51.87459734316421,178.0,21.979577512571357,26012.78416856947,10,0
55,-0.014123547499818954,0.22712431990453144,0.05158545669209593,0.7185173773711557,-0.7646448186567587,0.2275630270629998,1.4831621960279144,51.784931286075576,298.0,18.3841221174356,26129.51321303797,10,0
56,-0.008358767606936717,0.23082635934871967,0.05328080817018427,0.7224886002403116,-0.7441623854113236,0.23097765512293833,1.4666509856516352,53.350677166091046,494.0,19.896623706569233,26712.618172054124,10,0
57,0.004901425960095932,0.22266113157420211,0.04957797951390414,0.7762620617390873,-0.599122489882217,0.22271507243639002,1.3753845516213041,49.60200349034645,197.0,17.606628234872275,24813.15507737837,10,0
58,-0.0032235189351239985,0.22405037346149925,0.05019856984823729,0.6294683757390205,-0.6482440432089147,0.22407356140911044,1.2777124189479352,50.20896092256238,324.0,19.202205721829575,25136.91133455809,10,0
59,0.01069951554779182,0.22834032833144655,0.05213930554251281,0.66729499616934,-0.9296975582218231,0.22859086853037291,1.596992554391163,52.25378517547024,199.0,17.824295643291187,26188.81430232033,10,0
60,0.006439497497584259,0.22447667246667669,0.05038977648171165,0.7718590199015571,-0.6502805165759217,0.22456901747510283,1.422139536477479,50.43124360973304,10.0,16.28227402876211,25258.936856544235,10,0
61,0.0035286132439261123,0.2239317760505062,0.05014544032513407,0.7695471762193707,-0.6895982674725905,0.22395957545181966,1.4591454436919613,50.1578914365593,361.0,18.34106640902102,25087.341097911005,10,0
62,0.00613945298245145,0.22711705737201915,0.05158215774932504,0.6706188474538193,-0.7160019887491079,0.2272000233984336,1.386620836202927,51.61985063224877,257.0,18.234404307501872,25850.228869348597,10,0
63,0.003471523166556762,0.2250662342531601,0.050654809800898336,0.7815310734553161,-0.6793432032513651,0.2250930058309104,1.4608742767066811,50.66686127399427,465.0,19.3099108900152,25353.438232493485,10,0
64,0.008115902360160963,0.22348168269522967,0.04994406250029132,0.6787569612621804,-0.6088072026490506,0.22362900163308644,1.287564163911231,50.00993037141098,248.0,16.560909697637985,25137.62243942861,10,0
65,-0.0017350997406859413,0.22126315710401756,0.04895738469163716,0.6307534952217921,-0.8331905184710153,0.22126996014540087,1.4639440136928075,48.960395262747284,132.0,20.16246205038417,24482.395105779775,10,0
66,0.004794630269989451,0.22053607673692235,0.0486361611425137,0.7705965837423454,-0.5983834471932589,0.22058819012345063,1.3689800309356044,48.6591496219396,26.0,23.435922968446434,24379.376297620543,10,0
67,-0.0020538898073722374,0.21285205677008937,0.04530599807125734,0.7082022216219802,-0.6952805498264611,0.21286196591828746,1.4034827714484415,45.31021653459817,312.0,15.892966639978198,22671.884305470303,10,0
68,0.0028929254865764408,0.2137425476896857,0.04568587669287756,0.6600679928396265,-0.6879003119708647,0.21376212412574042,1.3479683048104911,45.69424571074845,189.0,17.09826739027644,22851.419181153455,10,0
69,-0.006201199746295392,0.2258551507281603,0.05101054911044,0.7906843866274841,-0.6511953401083411,0.22594026641732867,1.4418797267358252,51.04900398873346,350.0,18.92517151814319,25550.91021382755,10,0
70,-0.005075831177337073,0.22239824338320308,0.04946097865993443,0.7313043231092229,-0.6871833345161524,0.22245615910123787,1.4184876576253753,49.486742722075256,31.0,17.74562259239972,24802.303943062638,10,0
71,-0.01261248192822657,0.22030385560709437,0.04853378879535149,0.679246415420469,-0.8535168484557151,0.220664595020908,1.5327632638761841,48.692863495741335,377.0,15.375581336992063,24425.99381473304,10,0
72,0.016585905785440225,0.22847223407544517,0.052199561743425014,0.8407962741766951,-0.8037004187913278,0.22907346859500885,1.644496692968023,52.47465401414851,347.0,18.831875603418542,26438.769570329343,10,0
73,-0.001784019921872451,0.21845208616920947,0.04772131395167972,0.6368084778266561,-0.6495746969758909,0.2184593707735179,1.286383174802547,47.72449667876136,125.0,17.830343202005142,23926.359435438862,10,0
74,-0.0021900947133498463,0.2272838340953551,0.0516579412410849,0.6988750499548092,-0.8810126565041864,0.22729438566743868,1.5798877064589956,51.66273775593835,217.0,17.611232633403752,25855.413330141506,10,0
75,-0.003267508506718987,0.22115862036622053,0.048911135362290054,0.6773563455804459,-0.9979501007993218,0.2211827569548122,1.6753064463797678,48.92181197413153,170.0,17.108272201933456,24494.906478342993,10,0
76,0.0034124907757852097,0.23202692673389516,0.053836494729576356,0.7131389436484415,-0.7770419814178134,0.23205201964833483,1.490180925066255,53.848139822871175,136.0,19.70646753866968,26957.457765930845,10,0
77,-0.003687480275998614,0.22729934863362936,0.05166499388927218,0.7078765740695704,-0.7117501117331988,0.22732925768597861,1.4196266858027693,51.67859140005807,186.0,17.233177376452986,25846.108069330126,10,0
78,-0.0013948412320445183,0.2272925599983549,0.05166190783060576,0.8062345867712148,-0.6991695352315008,0.2272968398651164,1.5054041220027157,51.66385341266837,308.0,18.372611618588035,25832.910611002466,10,0
79,0.007037432616449693,0.22528437602612847,0.05075305008148205,0.6877386524991782,-0.7022994150590549,0.2253942668732129,1.3900380675582331,50.802575539313125,376.0,19.24767110251351,25522.909749006347,10,0
80,-0.011271052537198267,0.2224822328746313,0.04949834394488167,0.5816598420926833,-0.578097036811693,0.22276754828784634,1.1597568789043762,49.62538057017795,82.0,19.53085718524433,24918.52288765825,10,0
81,0.013761989455536099,0.22813353813436985,0.052044911221705986,0.7689187520597534,-0.6999906965582802,0.22854825218207267,1.4689094486180334,52.23430357548028,453.0,19.119136644958193,26247.432161079003,10,0
82,-0.0008361048311983339,0.2203625463183572,0.04855965181991012,0.7584168902769473,-0.7662966971847744,0.22036413249709869,1.5247135874617217,48.560350891198865,464.0,16.690260993477576,24280.72376312214,10,0
83,0.002092512415543401,0.22918116075836156,0.05252400444654997,0.7566266903087825,-0.7043240427356001,0.22919071328210305,1.4609507330443825,52.52838305475917,381.0,17.52364897054298,26268.958129747785,10,0
84,0.005304664526899603,0.23093845970941354,0.053332572172956415,0.6797063674926327,-0.7395542782815364,0.23099937584049737,1.4192606457741692,53.360711638699364,211.0,20.361599746159865,26704.83851732216,10,0
85,0.007376359503012772,0.21530933590213258,0.04635811012661736,0.7392715739886997,-0.6787936224040286,0.21543565351662441,1.4180651963927282,46.41252080613505,161.0,16.848406493734412,23260.936785247846,10,0
86,0.002886947483300162,0.22324220164984104,0.04983708059746829,0.8563653274134898,-0.6735361141134256,0.2232608677382573,1.5299014415269154,49.845415063239614,448.0,19.503278900934713,24926.952593936716,10,0
87,-0.0012893803498844512,0.22153339146635115,0.04907704353458358,0.8285175698115053,-0.6442185427582328,0.22153714369439326,1.472736112569738,49.07870603627024,94.0,20.72161077231242,24546.450583894406,10,0
88,-0.011308442266889181,0.22298162880292388,0.04972080678360493,0.7807604734501847,-0.7514190320028273,0.22326819668306655,1.532179505453012,49.84868765010849,180.0,18.03457525348254,24994.027675519657,10,0
89,0.004808776005221059,0.22343955399624268,0.049925234290039845,0.8302062778221624,-0.6434829022828468,0.22349129427498565,1.4736891801050092,49.948358616708234,445.0,17.399696217391924,25024.22261880104,10,0
90,0.009095945850003843,0.21830796079762232,0.047658365747616206,0.5937569121501807,-0.6688983648553893,0.218497372932771,1.2626552770055701,47.74110197852241,473.0,16.589626949291876,23914.515678071,10,0
91,-0.0030229733428486882,0.2220068765082318,0.04928705321694129,0.7361744197580519,-0.6932605036038951,0.22202745682634134,1.429434923361947,49.29619158477286,169.0,17.022403770981892,24653.344012513873,10,0
92,0.006522068802169507,0.22450882603491734,0.05040421296757677,0.8261243283058329,-0.679816700923618,0.22460354037511746,1.5059410292294508,50.44675034903701,389.0,17.197631158715208,25245.941416897134,10,0
93,-0.0032418858064767967,0.22428215199158702,0.050302483701977346,0.5750392330742958,-0.8246671893550599,0.2243055806830485,1.3997064224293556,50.312993525559584,339.0,20.86004344497514,25166.212878303617,10,0
94,-0.0021978360010232903,0.21919737433720865,0.04804748891632638,0.6857775659813252,-0.6085939724290361,0.21920839262996702,1.2943715384103613,48.052319399413776,381.0,17.62676112849605,24042.472079001367,10,0
95,0.002708066438795181,0.22848854401748547,0.0522070147472304,0.7364139180728474,-0.8284967284591113,0.228504591575459,1.5649106465319587,52.21434837106733,144.0,17.392190061860365,26112.98644518179,10,0
96,-0.007014585221150501,0.22730623599446034,0.051668124921969295,0.842143466619974,-0.6589081337212404,0.22741444397353935,1.5010516003412144,51.717329327794076,329.0,19.01358429763682,25908.868743378243,10,0
97,-0.006557508641083363,0.22325018782973494,0.04984064636601193,0.7964397932923034,-0.653527395980235,0.22334647363589563,1.4499671892725385,49.88364728558982,15.0,18.58067572522723,25000.292934425386,10,0
98,-0.0027099926285409194,0.2187803084745382,0.04786482337621409,0.688734742286616,-0.6133571562113157,0.21879709192825403,1.3020918984979317,47.87216743626084,266.0,18.389790711148667,23941.49971538441,10,0
99,-0.005102481186142884,0.22352737786753354,0.04996448865633512,0.76012496566447,-0.72666941095135,0.2235856077000263,1.48679437661582,49.99052397059006,312.0,17.002146848448252,25019.553705394545,10,0
100,-0.0018327656633054443,0.7402339379078846,0.547946282830614,1.6946277243646273,-1.601139180528537,0.7402362068019848,3.2957669048931644,547.9496418605906,50.0,499.7721604943057,273976.5463465865,10,1
101,0.0030948902297347303,0.7269780039597794,0.5284970182413451,1.4754062235077041,-1.6496392355855778,0.7269845917121485,3.1250454590932817,528.5065965868793,50.0,488.9594094780181,264267.43106241606,10,1
102,-0.0013366836243464588,0.7483578613841003,0.5600394886953843,1.519435372657662,-1.6126138789083986,0.748359055145654,3.1320492515660607,560.0412754184961,50.0,504.37557335245225,280028.66335801035,10,1
103,-0.002520850327246648,0.7372267856244094,0.5435033334420989,1.698778234046169,-1.7410719321216181,0.73723109547039,3.439850166167787,543.5096881284712,50.0,496.0158760612308,271759.8154955789,10,1
104,0.0005655988116591737,0.7434681237726463,0.5527448510660188,1.5875720358318164,-1.4225326697660237,0.743468338914331,3.01010470559784,552.7451709680345,50.0,502.2969582315491,276387.9713414971,10,1
105,-0.0009836629038923199,0.747149746324373,0.558232743432575,1.4206006494917738,-1.653114366622516,0.7471503938467031,3.07371501611429,558.2337110252835,50.0,504.6920260015345,279211.9954770873,10,1
106,0.011942935716626796,0.7458242160748464,0.5562537612836591,1.5061475101166133,-1.4960416006100434,0.7459198314813666,3.0021891107266567,556.3963949971904,50.0,505.80233045223537,278269.64781675953,10,1
107,0.008815364536789161,0.7403112138159104,0.5480606933015866,1.5376645128070223,-1.508035305162783,0.7403636970796873,3.0456998179698056,548.138403953503,50.0,496.8539519038853,274108.27096291864,10,1
108,0.009520461053744456,0.7362052082201145,0.5419981086104222,1.7176518695572232,-1.6069924614280644,0.736266764012269,3.3246443309852873,542.0887477890981,50.0,497.0826505684357,271092.18714134954,10,1
109,-0.0019584715330697748,0.7374384557631336,0.5438154760383151,1.6217005015203414,-1.577815231233017,0.7374410563896351,3.1995157327533583,543.819311649061,50.0,497.78536298192677,271988.405214882,10,1
110,-0.0030099175855280774,0.7531536033495247,0.5672403502383733,1.4527272306648094,-1.5026395394700591,0.7531596177718537,2.9553667701348685,567.2494098422449,50.0,508.31547555680294,283629.30395307246,10,1
111,0.003529764312863311,0.7425165435410264,0.5513308174321129,1.6238829251995228,-1.5641111169424402,0.7425249333646765,3.187994042141963,551.3432766682174,50.0,499.8029754263981,275688.39141647174,10,1
112,0.005180667610062857,0.7441165382866668,0.5537094225517324,1.5775135855792684,-1.4129199594350819,0.7441345724186038,2.9904335450143504,553.7362618686184,50.0,504.1698804727766,276948.6639158785,10,1
113,0.00401276127674416,0.7409631478548793,0.5490263864790117,1.647108962335584,-1.4667190576850775,0.7409740135335893,3.1138280200206614,549.0424887320758,50.0,500.4271841796007,274529.31994258345,10,1
114,-0.006119849159721546,0.7590992697812655,0.5762317013824505,1.6547575163139165,-1.5844524832692786,0.7591239384554991,3.239209999583195,576.2691539361883,50.0,510.9384180703564,288212.5887675299,10,1
115,0.002500016104820446,0.7423362350895937,0.5510630859269925,1.7994424257099026,-1.4685330715715577,0.7423404448145855,3.2679754972814603,551.0693360075168,50.0,500.3914982078836,275627.13277862006,10,1
116,0.0014549950158714155,0.7400520064445967,0.5476769722426733,1.5407153075709228,-1.3919877408600738,0.7400534367551911,2.9327030484309966,547.6790892531695,50.0,498.24197037971476,273851.0195273438,10,1
117,0.009431504596139253,0.7480727317472284,0.5596128119837608,1.5790597876400914,-1.5607531424439856,0.7481321843516076,3.139812930084077,559.7017652627078,50.0,504.0208486465782,279908.3997866454,10,1
118,-0.0057960134405445046,0.7383369881331442,0.5451415080455227,1.708884107364706,-1.6257053645750417,0.7383597374026604,3.334589471939748,545.1751018173256,50.0,497.2435224256633,272615.57371180126,10,1
119,-0.00020609036071048424,0.7462143317005807,0.5568358288353443,1.5350938900568871,-1.61233894090331,0.7462143601597205,3.147432830960197,556.8358713085811,50.0,502.3621119581362,278548.6056385344,10,1
120,-0.009237618908815684,0.7409486515544297,0.5490049042403277,1.4914881736987704,-1.4877197204257357,0.7410062333364221,2.979207894124506,549.0902378434321,50.0,499.3452212245985,274598.0773981893,10,1
121,-0.006154970089934611,0.7243262094692345,0.5246484577240694,1.447442232700816,-1.4725276689102804,0.7243523599608669,2.9199699016110965,524.6863413808774,50.0,487.9377305432379,262366.55934795114,10,1
122,0.00020057259983435215,0.7337819044865281,0.5384358833518763,1.5243091327563048,-1.6044820857725608,0.7337819318988743,3.1287912185288658,538.4359235812442,50.0,494.1958520134088,269226.36265291704,10,1
123,-0.010854270897091048,0.7384279924767932,0.5452759000733071,1.4451902571754063,-1.449338301441206,0.7385077624981436,2.8945285586166123,545.3937152700146,50.0,500.18410606500885,272792.16695575113,10,1
124,0.003294568784759633,0.7421057351745659,0.5507209221789829,1.6403538322831537,-1.5598260507460289,0.7421130482362241,3.2001798830291825,550.7317763624604,50.0,500.3281708730657,275371.41129947145,10,1
125,0.007726753950666877,0.7320431779748701,0.5358872144195472,1.593036020673261,-1.4565910259500057,0.7320839549847828,3.0496270466232667,535.9469171461615,50.0,494.7222534363024,268100.48735416646,10,1
126,0.004004331779878813,0.7470423432811019,0.5580722626549196,1.5242080614584546,-1.577323962568526,0.7470530753085238,3.1015320240269806,558.088297327923,50.0,504.66170920160073,279181.36448439135,10,1
127,-0.010696602622344948,0.7437306176556544,0.5531352316384611,1.5044899828466605,-1.7592524244627095,0.7438075348812497,3.26374240730937,553.2496489461215,50.0,499.267296241532,276691.21407672286,10,1
128,0.010786252289668792,0.7395240254482918,0.5468957842152458,1.6222212787161618,-1.672606443556371,0.7396026821569147,3.294827722272533,547.0121274537022,50.0,498.4629968650995,273571.84664324834,10,1
129,4.601053800410515e-05,0.7481796826767799,0.559772837570327,1.469557383772389,-1.4843997853824744,0.7481796840915267,2.9539571691548634,559.7728396872967,50.0,505.39084878730364,279888.1665888061,10,1
130,-0.008970515051223562,0.740835171884055,0.5488367519004773,1.4779681690058264,-1.5150486617638044,0.7408894803145484,2.9930168307696308,548.9172220407615,50.0,500.2830680739338,274502.5839296359,10,1
131,0.007431690295528108,0.7307350907777773,0.5339737728940065,1.6578900282111502,-1.741767538058087,0.7307728805276337,3.399657566269237,534.0290029146552,50.0,491.4435349415828,267045.42864140717,10,1
132,-0.010297147832830034,0.7534662363517497,0.5677113693220708,1.4258258808420856,-1.5623498616424234,0.7535365953791243,2.988175742484509,567.817400575562,50.0,507.80153001435184,283986.2131682023,10,1
133,0.007436812664932276,0.7424935452970536,0.5512966648077878,1.5820938462106575,-1.6058606882684612,0.7425307879074113,3.1879545344791187,551.351970990401,50.0,501.5931444530174,275776.4933532979,10,1
134,0.0076583716616534315,0.7418854631096847,0.5503940403734714,1.7801693243025007,-1.4412210305840079,0.7419249901640862,3.2213903548865086,550.4526910299794,50.0,498.06350426041246,275264.49918321054,10,1
135,0.002401490667486459,0.7469033577693441,0.5578646258471208,1.5788012714817619,-1.7009576919410887,0.7469072184713085,3.2797589634228506,557.8703930045469,50.0,502.62650526199917,279099.4153326129,10,1
136,0.002229305897195248,0.7475552668346763,0.5588388769722642,1.444381854756463,-1.571635359121393,0.7475585908656575,3.016017213877856,558.8438467770475,50.0,502.65179707248274,279435.90725343034,10,1
137,0.0076079984513949366,0.7562139441053566,0.5718595292593794,1.6766878310682423,-1.6172698847781297,0.7562522138148198,3.293957715846372,571.9174108998159,50.0,512.2485187505174,286012.90502205456,10,1
138,-0.0011150736450317562,0.7455157334786132,0.5557937088641547,1.6138964942677916,-1.4348449159745784,0.7455165673902818,3.04874141024237,555.7949522533886,50.0,504.1822778255184,277918.31697615323,10,1
139,-0.00387278579443474,0.7479692351294823,0.5594579767001828,1.5799343123154523,-1.4922366622061876,0.7479792611897688,3.07217097452164,559.4729751699924,50.0,504.21998384958044,279764.23454819544,10,1
140,-0.002815053149432004,0.7401826295760021,0.5478703251260452,1.4191790941750972,-1.5900973837991073,0.740187982643787,3.0092764779742045,547.8782496502793,50.0,500.0552225757699,273945.8070640527,10,1
141,-0.0003026124558681342,0.7449761422780361,0.5549894525634647,1.5029201403441608,-1.574323913826917,0.7449762037392625,3.0772440541710777,554.9895441377631,50.0,501.6926106047237,277631.24550242507,10,1
142,-0.009943504081567073,0.7327179309126,0.5368755662808417,1.408179259728814,-1.5332886827708818,0.7327853980220005,2.941467942499696,536.9744395542617,50.0,495.26364052870656,268536.8714446369,10,1
143,-0.0007800768940475482,0.7447592051623932,0.5546662736741198,1.5928910740002702,-1.5779387766347845,0.7447596136969837,3.1708298506350547,554.6668821940805,50.0,502.9002417538496,277353.8485304178,10,1
144,0.0005828858437580382,0.7355145073207097,0.5409815904792263,1.5099083611972208,-1.7884142638363798,0.735514738285463,3.2983226250336006,540.9819302351332,50.0,495.9677330917095,270491.2019971093,10,1
145,-0.011298408531006767,0.7387746559685879,0.5457879923015054,1.4689989280487303,-1.8177972911342295,0.7388610467042088,3.2867962191829596,545.915646336839,50.0,497.80444261413743,273023.12069084105,10,1
146,-0.0004151917401213643,0.735328368318367,0.5407078092537521,1.645796481570426,-1.440394606968581,0.7353284855341408,3.0861910885390067,540.7079816379331,50.0,495.737050264644,270356.1854873033,10,1
147,0.003971228965164912,0.7346818631061894,0.5397574399771817,1.5428054917348284,-1.5647075645135646,0.7346925960132411,3.107513056248393,539.7732106366755,50.0,495.2285950643384,270005.3679064773,10,1
148,0.007221847833608182,0.7425168127366134,0.5513312171965391,1.5650644555959468,-1.6886168867578628,0.7425519323809417,3.2536813423538096,551.3833722826707,50.0,499.8997105254699,275725.8081887368,10,1
149,0.017783369330575054,0.7429920323199599,0.5520371600909443,1.5052407653800652,-1.53138969465635,0.7432048225864064,3.0366304600364153,552.3534083156919,50.0,500.52595493464025,276335.2211943235,10,1
150,-0.004190182258674993,0.7364986897784228,0.5424303200453334,1.523197082756988,-1.6298680097379707,0.7365106093415725,3.153065092494959,542.4478776726944,50.0,497.30586694757056,271281.34475726174,10,1
151,0.005600793872384703,0.751732828409912,0.5651022453091661,1.545984848312266,-1.4807051646558813,0.7517536925091669,3.0266900129681473,565.133614201167,50.0,508.0711089831719,282582.7116330461,10,1
152,-0.005835765213194773,0.7481055522979735,0.5596619173790559,1.555042083214322,-1.5472684480233747,0.748128313549674,3.1023105312376966,559.6959735346794,50.0,505.5155540963298,279880.68513147294,10,1
153,-0.0015859542303399618,0.7414828259790726,0.5497967812219117,1.547833122282192,-1.6226719651854147,0.7414845220722631,3.170505087467607,549.7992964727324,50.0,500.85502243229973,274903.3394159708,10,1
154,0.0027145412105619897,0.7448974986218171,0.55487228345304,1.5958121083137513,-1.7610656501638426,0.7449024447449638,3.356877758477594,554.8796521870238,50.0,502.74457165760236,277479.45258195256,10,1
155,0.0035107534586335297,0.750437896422736,0.5631570363873809,1.4564638689940335,-1.64212133712915,0.7504461085096172,3.0985852061231833,563.1693617772282,50.0,508.37706040867363,281658.1456593027,10,1
156,0.0008037886938848257,0.7370857331681431,0.543295378040019,1.7232436713859185,-1.5242139287217573,0.7370861714319998,3.247457600107676,543.2960241162835,50.0,497.60247950117196,271669.67887827725,10,1
157,-0.008888635870972397,0.7484562917574464,0.5601868206713078,1.5552221303151592,-1.6454368685544716,0.7485090704319852,3.200658998869631,560.2658285189545,50.0,503.89833015652624,280229.39693256014,10,1
158,0.005739628739894508,0.7533615987971037,0.5675536985421283,1.6274954964201072,-1.5434928445361638,0.7533834627068743,3.1709883409562707,567.5866418802002,50.0,510.07174086954416,283833.9301325413,10,1
159,-0.002165822222134644,0.7348630697127223,0.5400237312276054,1.6024426057436196,-1.5584580946551259,0.7348662613112017,3.1609007003987455,540.0284220135034,50.0,495.32146346399475,270085.55417785386,10,1
160,-0.01109173454813305,0.7416460803172555,0.5500389084499491,1.4864712993417042,-1.6024774813452924,0.7417290172463494,3.0889487806869966,550.1619350252354,50.0,500.99947433149623,275144.38503577624,10,1
161,-0.01143673203676098,0.7362510948496932,0.5420656746673719,1.5330973272784312,-1.5193782734615038,0.7363399170947156,3.052475600739935,542.1964735070526,50.0,496.5105843398509,271164.69852384564,10,1
162,0.010939177017103105,0.7256493744443431,0.5265670146314664,1.5698690114765843,-1.4405060324789891,0.7257318239027953,3.010375043955573,526.6866802252779,50.0,487.5497245023194,263415.9052319107,10,1
163,0.001252140453044417,0.7328974497581141,0.5371386718619474,1.6127361112208278,-1.503737601705102,0.7328985193856388,3.11647371292593,537.1402397176614,50.0,493.88711576353074,268579.4810808386,10,1
164,-0.007007533848440422,0.7408672038195234,0.5488842136953592,1.5647067862001978,-1.504987422345518,0.7409003436535821,3.069694208545716,548.9333192259962,50.0,499.07041203512796,274519.9130225769,10,1
165,-0.0024416797654093028,0.73823107837684,0.544985125081432,1.6015525020493673,-1.4159129380928372,0.7382351162614177,3.0174654401422045,544.9910868815089,50.0,497.83273673332116,272574.49461736483,10,1
166,0.006790963915788595,0.7419832681779159,0.5505391702559811,1.5743705208502856,-1.5911526650560355,0.7420143445021038,3.165523185906321,550.5852874468867,50.0,499.7989661068091,275323.838638537,10,1
167,0.004108676124211616,0.7376203560951303,0.5440837897259069,1.6870456137856642,-1.388723231345736,0.7376317990335018,3.0757688451314005,544.1006709454005,50.0,497.2980631057528,272060.7856347915,10,1
168,0.002704804830098197,0.7362566993560299,0.5420739273466354,1.5192220886919374,-1.5137328993364814,0.7362616676941727,3.032954988028419,542.0812433158043,50.0,495.85540901557687,271050.2977411505,10,1
169,-0.0015273015155335638,0.725567364149721,0.5264479999191738,1.5035236277612105,-1.5974084886638837,0.7255689716140657,3.1009321164250943,526.450332569093,50.0,487.9689109232,263238.0663822216,10,1
170,-0.0033216668846497797,0.7461978710042665,0.5568112626912999,1.5888492298344146,-1.495155337355842,0.7462052640943995,3.0840045671902567,556.8222961621925,50.0,503.0000765474564,278449.3282524091,10,1
171,0.005756081272857743,0.7458523411862987,0.556295714853083,1.5838608032265995,-1.632387962477941,0.7458745520023476,3.2162487657045404,556.3288473247028,50.0,504.49461549042053,278188.45052954595,10,1
172,-0.0012195995074836578,0.7438029331104811,0.5532428033037547,1.529753411758585,-1.5578868050617412,0.7438039329868548,3.087640216820326,553.2442907267135,50.0,500.7753395109922,276631.15100354,10,1
173,-0.0003309932592558651,0.7376203106996568,0.5440837227566583,1.6615767911889354,-1.5482912737831125,0.737620384963157,3.209868064972048,544.0838323131959,50.0,497.34075993134917,272056.7336069179,10,1
174,0.006370092877455891,0.7343636198965643,0.5392899262275855,1.5172470607128923,-1.4994717000724147,0.7343912474361695,3.0167187607853068,539.330504310853,50.0,495.2753901010895,269692.17119514104,10,1
175,0.0002893923073781246,0.7501877916027995,0.5627817226698854,1.6182812634646355,-1.578721164352448,0.7501878474207596,3.1970024278170834,562.7818064177928,50.0,506.0925936672184,281463.87393362727,10,1
176,-0.0026278369175756085,0.7442689620295013,0.5539362878404713,1.6414863774163684,-1.4893755022246449,0.7442736011490242,3.1308618796410133,553.9431933673367,50.0,501.33265544073015,277031.83106214966,10,1
177,-0.0016226575516093327,0.7429348865630742,0.5519522456724878,1.5350299187111953,-1.7329897015246905,0.7429366585988455,3.2680196202358855,551.9548786900176,50.0,501.9316487883094,275982.13713700103,10,1
178,0.01607261471020152,0.7405974107794354,0.5484845248532039,1.5791200117390178,-1.4974668132114963,0.7407717960322372,3.076586824950514,548.7428537968265,50.0,499.8291790859463,274558.47122828447,10,1
179,0.007728454287142412,0.7306490299377122,0.5338480049489198,1.674415228803492,-1.5066877145722208,0.7306899027320606,3.1811029433757128,533.9077339545881,50.0,491.58505300644805,267013.5079341037,10,1
180,-0.0012445460995276867,0.7414886536556095,0.5498054235000084,1.5884190064953634,-1.5090391229744355,0.7414896981044323,3.097458129469799,549.8069723950022,50.0,501.19997910550853,274926.7804050866,10,1
181,0.001743692651641128,0.7376352438725164,0.5441057530028668,1.574633697737537,-1.6993888623335618,0.7376373048232648,3.274022560071099,544.1087934669301,50.0,497.94506805235744,272074.2039912039,10,1
182,-0.00939960383262634,0.7429440196432926,0.5519658163237332,1.6359197938217795,-1.5824025380668063,0.7430034783740542,3.2183223318885856,552.0541688759436,50.0,499.5048810858497,276071.3285034584,10,1
183,-0.008447925070013903,0.745098798323805,0.5551722192635782,1.430087869372842,-1.5173036136329128,0.745146688043077,2.947391483005755,555.2435867015668,50.0,503.0558708502012,277673.80215434916,10,1
184,-0.0028242476129574303,0.7359373017476979,0.5416037121036821,1.5478004372337142,-1.7184021432133296,0.7359427209221254,3.266202580447044,541.6116884782614,50.0,495.0495300714623,270821.05784339603,10,1
185,-0.001378743830895596,0.7429809524411221,0.5520206956903169,1.4048228295985978,-1.4703919461384607,0.742982231701989,2.8752147757370583,552.022596624868,50.0,501.5620595627008,276018.8312246064,10,1
186,0.0008057742983381999,0.7467401808175754,0.5576208976474653,1.5753280394931362,-1.4536534393692073,0.7467406155551506,3.0289814788623435,557.6215469196851,50.0,502.90541865925263,278812.8042709148,10,1
187,-0.006929618048339482,0.7279311413469233,0.5298837465426344,1.4186616609066363,-1.5247606224772048,0.7279641242183095,2.943422283383841,529.9317661489303,50.0,490.41057592356754,265003.90188808506,10,1
188,-0.014275482930129335,0.7343103990931765,0.5392117622163801,1.6277404478406292,-1.5182674471778426,0.7344491484298069,3.146007895018472,539.4155516292685,50.0,492.3265567212109,269809.6827948032,10,1
189,-0.0026874095335700163,0.7453209029040138,0.5555032483056543,1.5480060246048086,-1.4241062720088815,0.7453257478952778,2.97211229661369,555.5104704756553,50.0,504.79623749748384,277767.050981441,10,1
190,0.010815654545021541,0.7432894269098439,0.5524791721559641,1.655811141125389,-1.6217145691248578,0.7433681124040775,3.277525710250247,552.5961505392013,50.0,500.8681305660233,276502.19671352755,10,1
191,-0.0026630106261853383,0.7419940238946239,0.5505551314953356,1.5941247545849926,-1.4730678060524998,0.7419988026411706,3.0671925606374923,550.5622231209309,50.0,500.1481013124793,275391.69021645776,10,1
192,0.007091286164050038,0.7341589875616902,0.538989419017606,1.3703451995501146,-1.3817940276403209,0.7341932343443832,2.7521392271904355,539.0397053570665,50.0,496.0691006108404,269550.71982788364,10,1
193,-0.0032127034691775895,0.7468002553785738,0.5577106214335029,1.6164252413339626,-1.5863158184752413,0.7468071658045896,3.202741059809204,557.7209428970839,50.0,503.2490023230179,278872.0306905885,10,1
194,0.0032723911973164743,0.743163007422452,0.5522912556011834,1.6047001597883574,-1.5206362920010577,0.7431702120950031,3.125336451789415,552.3019641453318,50.0,501.5698813236355,276228.3428327033,10,1
195,-0.010732158694838323,0.7510136612899186,0.5640215194440886,1.6272345024992925,-1.5806946427468147,0.7510903398888444,3.207929145246107,564.1366986743399,50.0,505.1985420822328,282139.78502869204,10,1
196,0.018272472250884388,0.7404958154574405,0.5483340527099798,1.540909665720985,-1.356962590399482,0.7407212268810305,2.897872256120467,548.667935952139,50.0,499.8122291265392,274507.3878570923,10,1
197,-0.017741761556052203,0.7327730665966664,0.5369563671294825,1.4282333262347942,-1.692357431771898,0.7329878152006308,3.120590758006692,537.2711372325941,50.0,493.8438655334876,268803.33584748616,10,1
198,0.011931257178571904,0.7343024025333925,0.5392000183663125,1.6963101610098938,-1.6831848252007258,0.7343993282024254,3.3794949862106196,539.3423732641738,50.0,494.2635447774419,269748.9113638918,10,1
199,-0.005460851720613071,0.7559222816754319,0.5714184959333909,1.641047469570811,-1.4930397691938146,0.7559420062643069,3.134087238764626,571.4483168349054,50.0,509.30277256281585,285771.7215539834,10,1
200,-0.0014107054896421688,0.38570789659095506,0.14877058149261888,1.427357661256956,-1.4791711280468196,0.38571047637132877,2.906528789303776,148.77257158259738,255.0,31.876347380903976,74457.95525404107,5,0
201,-0.003950684879423817,0.4036026158979635,0.16289507155967903,1.253084260861454,-1.1596716485494512,0.40362195117547256,2.4127559094109055,162.91067947069556,446.0,36.39128446085254,81728.97953941324,5,0
202,0.0006092436127168899,0.4086710150775056,0.1670119985644788,1.4491047531385821,-1.2458728715540117,0.4086714692051042,2.694977624692594,167.01236974225844,188.0,35.50560543354619,83506.43920296543,5,0
203,-0.002213996666570993,0.4073718896951765,0.16595185651381905,1.144477767661019,-1.5386775158614172,0.407377905997685,2.683155283522436,165.95675829505865,213.0,30.775514998406962,82981.02846527658,5,0
204,-0.026076157779429447,0.3898087654431368,0.15195087361630244,1.1814703761648953,-1.1374674548235015,0.3906799708467791,2.318937830988397,152.63083962084013,343.0,28.790572623217603,76658.41320445159,5,0
205,-0.009001122257093081,0.3997851835572025,0.1598281929918661,1.1917027497542714,-1.25250537263206,0.39988650038948953,2.4442081223863314,159.9092131937532,310.0,35.384974613380045,80090.58802325389,5,0
206,-0.0012423254550100369,0.3987041561773457,0.1589650041530893,1.3751754179632183,-1.527633936134936,0.39870609165853677,2.9028093540981543,158.96654752562551,326.0,33.52237221011617,79533.3528332563,5,0
207,-0.007163225482789344,0.39722074920800515,0.15778432360136893,1.419103318723894,-1.2188563605708014,0.39728533247615144,2.6379596792946955,157.83563540068621,440.0,29.85591907985999,78948.71587018573,5,0
208,0.006862633037617696,0.4026843747559233,0.16215470567256887,1.1176232106583328,-1.0990951183544326,0.40274284773882435,2.2167183290127657,162.20180140477785,33.0,35.71034322474491,81178.35250546326,5,0
209,-0.005179150871081076,0.4024095565001492,0.16193345116264676,1.4365522300386941,-1.386074441016521,0.4024428838560724,2.8226266710552155,161.9602747663922,363.0,34.5945398380138,81425.10830101065,5,0
210,0.0034260615196526996,0.39988548383803124,0.15990840018437633,1.4520417233593133,-1.3439317403220825,0.3999001601423945,2.7959734636813955,159.92013808191274,324.0,33.58156941015225,79982.07521164633,5,0
211,-0.012065273848385821,0.39009855038477426,0.15217687901230226,1.0785682623861812,-1.2472219296713356,0.3902850879105411,2.325790192057517,152.3224498453388,159.0,31.30944632125504,76448.85685145196,5,0
212,0.01343362481375014,0.39622612605769786,0.15699514297069067,1.1356307643589145,-1.0834729924812443,0.3964537870248275,2.219103756840159,157.17560524632725,221.0,27.09506408202809,78756.45445109622,5,0
213,-0.006306835153484348,0.3962425584976396,0.15700816516475535,1.3128871778463909,-1.163958314074105,0.3962927470121155,2.476845491920496,157.04794133440856,467.0,32.59771258831409,78543.91034607195,5,0
214,-0.0038984783087452975,0.3902163072642784,0.15226876645496976,1.113487067780238,-1.4516709880698653,0.3902357807634937,2.5651580558501035,152.2839645880935,144.0,35.386131983499276,76159.28172102154,5,0
215,0.012174145192091078,0.39609410411738116,0.1568905393165508,1.4625789952212938,-1.3209947520365912,0.39628114909456513,2.783573747257885,157.03874912770897,37.0,30.841745146036775,78596.80647944118,5,0
216,0.0011796651808523796,0.3966931172608812,0.15736542928215522,1.0910479119550718,-1.5919721702389402,0.3966948712702172,2.683020082194012,157.36682089209415,208.0,31.227632430023995,79006.82916651864,5,0
217,-0.01481182741319892,0.3802390650001809,0.14458174655221182,1.0723977014466624,-1.3933697891219177,0.3805274455062738,2.46576749056858,144.8011367835302,447.0,29.262233282256794,72596.0813380405,5,0
218,-0.0025760489423575566,0.38814260095070385,0.15065467867277735,1.0511168257317804,-1.1219503289066257,0.3881511492974493,2.173067154638406,150.66131470093077,52.0,32.93693611595345,75334.67199079685,5,0
219,0.009003155016045844,0.39989947910187207,0.15991959338594863,1.374588924485621,-1.4139037795120668,0.4000008127319138,2.788492703997688,160.0006501861916,165.0,35.635757630182304,80067.6384788709,5,0
220,0.009852953499258974,0.39678471881638155,0.15743811308619496,1.2564095702041223,-1.3297101726951865,0.39690703417658585,2.586119742899309,157.5351937788535,437.0,36.7521491400987,78816.8935659645,5,0
221,-0.00158807021135991,0.4031811092460802,0.16255500685289967,1.3788922485320552,-1.2335326148375163,0.4031842368197148,2.6124248633695712,162.55752881989588,143.0,33.23822088320936,81338.63838203193,5,0
222,0.0046355507513661165,0.38184971247716515,0.14580920291889368,1.102951400035524,-1.05366305806772,0.3818778485977711,2.156614458103244,145.83069124966215,212.0,29.36497670065701,73311.92326778013,5,0
223,-5.533755013877339e-05,0.4069371030629335,0.16559780584925257,1.3176725406306948,-1.4460974595581837,0.40693710682548606,2.7637700001888783,165.59780891149705,286.0,30.84422428248156,83030.64339312585,5,0
224,0.019614872911433892,0.3937729320437766,0.1550571220103527,1.2758880079026775,-1.3810060012009422,0.39426116376037396,2.6568940091036195,155.4418652496844,246.0,27.59785690969879,78075.34086921826,5,0
225,0.003861458652664885,0.41098104069084695,0.16890541580733162,1.2038483724826643,-1.7551171546092346,0.4109991808632444,2.958965527091899,168.92032667025785,234.0,35.80759278525283,84495.95070328008,5,0
226,-0.009353299279949524,0.39439662029635597,0.155548694101188,1.3646364689329848,-1.508001185742533,0.3945075136275712,2.872637654675518,155.63617830860827,492.0,34.32228985191932,77894.7763061432,5,0
227,0.005415031903029776,0.39208687576479756,0.1537321181469998,1.3586424672739308,-1.4828516137340892,0.39212426693270414,2.84149408100802,153.7614407175106,84.0,30.042543892520065,76898.3381939141,5,0
228,0.00193170856141767,0.4053169596805548,0.1642818378046885,1.1440753320196384,-1.3251266828580452,0.40532156283950005,2.4692020148776836,164.28556930265478,234.0,31.611611367189123,82181.16908984334,5,0
229,-0.0007215580965068042,0.3990041726737794,0.15920432981108718,1.2281939031420697,-1.4587367427443734,0.39900482510512797,2.6869306458864433,159.2048504571738,239.0,29.717486642465857,79671.96463646537,5,0
230,0.00947932681302202,0.3848602672489074,0.1481174253069004,1.3510188875820581,-1.388376060225713,0.3849769901484094,2.739394947807771,148.2072829437285,432.0,29.49176435267294,74223.36861445037,5,0
231,0.00886385137428597,0.39884295172601736,0.1590757001415222,1.2276774631099985,-1.3769854526737462,0.3989414343017125,2.6046629157837446,159.1542680027076,312.0,32.39242326287373,79642.15597922685,5,0
232,0.016196859902407736,0.39620707627628093,0.1569800472913987,1.4337013110145733,-1.2395086339814498,0.39653800014891,2.673209944996023,157.24238556209693,493.0,32.070290172336435,78935.25695651975,5,0
233,-0.00909434129823197,0.38473044063837586,0.14801751195379884,1.224601562746188,-1.349780976933668,0.3848379126300417,2.574382539679856,148.1002189974476,204.0,32.18815320761187,74093.75333216938,5,0
234,0.018648344987419924,0.40447109532224035,0.16359686695117284,1.2652951851807814,-1.4407286951946328,0.4049007628073114,2.7060238803754144,163.94462772194265,289.0,41.81885469065813,82149.8680295207,5,0
235,0.004798317424964726,0.3950863748517072,0.15609324359346372,1.2653467787032382,-1.364329912387684,0.3951155115198269,2.629676691090922,156.11626744357443,19.0,34.39295284787284,78266.09713597901,5,0
236,0.008450520104153423,0.40105610669604586,0.1608460007181901,1.3049599322747991,-1.3872898359937464,0.40114512586870704,2.6922497682685456,160.9174120082208,437.0,34.47257456242471,80494.41314909236,5,0
237,-0.006490214535359444,0.3970077809104289,0.1576151781034231,1.1126717152002947,-1.4372394598788336,0.39706082781878405,2.5499111750791283,157.65730098813808,220.0,31.620179996278456,78894.83428118526,5,0
238,-0.025293159173893017,0.39730563557785353,0.15785176806192214,1.3907297894339996,-1.3289561236631358,0.39810992447176957,2.7196859130971354,158.49151196291805,31.0,33.976884222007264,79612.8477541707,5,0
239,-0.005449084378122766,0.39486127703969903,0.15591542810542194,1.4150250543592484,-1.1296340512219125,0.39489887392341577,2.544659105581161,155.94512062598182,375.0,29.45070672399263,77987.61963974795,5,0
240,-0.006491030728611458,0.38121497445098346,0.14532485674566395,1.32406814372924,-1.3010524320537467,0.38127023254587256,2.6251205757829865,145.36699022558372,395.0,29.90097802100861,72856.33851468455,5,0
241,-0.023438347889119793,0.3949280409537895,0.15596815753159807,1.192782241613102,-1.2737407353477777,0.3956229438282991,2.4665229769608796,156.5175136833695,127.0,31.020107788454585,78554.07772071662,5,0
242,0.020534271843153762,0.413613455672068,0.17107609071298974,1.5364256651418584,-1.267601597056469,0.4141228646586883,2.8040272621983275,171.4977470331183,402.0,33.71365872243837,85979.46885535718,5,0
243,-0.0032559477542663156,0.39862379695835287,0.15890093150149412,1.1714515367459348,-1.1458298569760246,0.3986370939805685,2.3172813937219594,158.9115326972726,404.0,33.544826640374666,79463.16267695487,5,0
244,-0.01565077651152101,0.3819350672814254,0.14587439561926696,1.204769333617424,-1.2587809114165474,0.38225559829083017,2.4635502450339715,146.11934242468053,454.0,28.887987928839344,73359.86823459266,5,0
245,0.003587562324486479,0.41092256719634246,0.16885735623123257,1.2773098161350542,-1.3093644825671233,0.4109382275168187,2.5866742987021776,168.87022683466466,62.0,28.52952970470734,84461.12511116496,5,0
246,-0.012991359243553222,0.39785005760753683,0.1582846683383204,1.1959310236783112,-1.2332344683516319,0.39806211042162176,2.4291654920299433,158.4534437533154,236.0,29.731025798470753,79393.19564149954,5,0
247,-0.023660568948268713,0.4154154935746153,0.1725700323018413,1.228083253844066,-1.2112610592835908,0.4160887583494621,2.439344313127657,173.12985482479706,153.0,35.2043639922427,86845.77037275341,5,0
248,0.0038978014374096643,0.3968669478985331,0.15750337433429698,1.3228336529415343,-1.7512712231563954,0.39688608843135637,3.0741048760979295,157.51856719034242,6.0,30.779304440207984,78844.25794135775,5,0
249,-0.00036300675898806746,0.4150420944950672,0.1722599402028523,1.2729460650090476,-1.5177778170968712,0.41504225324267807,2.790723882105919,172.26007197675932,194.0,37.52164898332734,86207.84150542035,5,0
250,-0.005147875871685663,0.409640577698012,0.167805402896761,1.3317397916492375,-1.2496920740142585,0.40967292261357874,2.581431865663496,167.8319035227513,379.0,32.374686116356884,83968.85991997144,5,0
251,-0.01144107806140142,0.39622118122683175,0.15699122445278585,1.2809643177317143,-1.1621231462539428,0.39638633013764857,2.4430874639856572,157.12212271999292,227.0,29.945204651455544,78668.09509416822,5,0
252,-0.015889339513985874,0.41476186815408955,0.17202740727467036,1.1520075799569756,-1.5120606538539316,0.41506611326975495,2.664068233810907,172.27987838486106,268.0,34.906211248277465,86423.38411853646,5,0
253,0.0025816775518547595,0.391927567592678,0.1536072182391132,1.6777692735762018,-1.3266210984662457,0.3919360704223266,3.0043903720424474,153.61388329809495,275.0,34.726679572369825,76889.71234699842,5,0
254,0.018033023840564533,0.3958387699048175,0.15668833175975902,1.3142535148078769,-1.2143708208513022,0.39624931761277943,2.5286243356591793,157.01352170859337,271.0,31.30970095439258,78671.28470190795,5,0
255,-0.0016482790880036106,0.3910724202632475,0.15293763789055406,1.5209518908231805,-1.1386201402414555,0.3910758938038831,2.659572031064636,152.94035471450604,178.0,29.777960540125537,76490.83402058955,5,0
256,-0.004054758045203806,0.39820390461694893,0.15856634965218416,1.240226658175985,-1.2106440519218074,0.39822454810695596,2.4508707100977922,158.5827907149893,358.0,32.179774848162964,79376.78181750984,5,0
257,-0.008984382901922942,0.3874318407835279,0.1501034312529129,1.0696234572500378,-1.2215196451258654,0.38753599882983936,2.2911431023759032,150.18415038904126,413.0,35.38764347721402,75132.52263340462,5,0
258,0.004008370461864185,0.38106206171439516,0.1452082948780255,1.2393991769672021,-1.290671422343602,0.3810831430433326,2.530070599310804,145.22436191178508,142.0,33.403578404124815,72647.21578454797,5,0
259,0.004932813245678496,0.38764155691677893,0.15026597664886435,1.419837858540622,-1.5444436707905458,0.3876729411441829,2.964281529331168,150.29030929538106,457.0,36.37330931613461,75194.66860311956,5,0
260,0.029897148133454506,0.39748348802645,0.15799312325367304,1.269541593771434,-1.1570239550689163,0.3986062753146101,2.42656554884035,158.88696272018677,474.0,36.1239779601906,79953.8744351782,5,0
261,-0.004822827471113932,0.40692323197716374,0.1655865167227406,1.1897787995423716,-1.4402473098432482,0.40695181089111365,2.6300261093856196,165.60977638755674,350.0,33.8238785818,82885.63871222209,5,0
262,-0.018379465394819005,0.395307595555831,0.15626809510413245,1.4020727106875674,-1.4344415534977635,0.3957346331221615,2.8365142641853307,156.6058998523318,151.0,30.203292844618918,78667.19456194022,5,0
263,-0.005048982469288942,0.394418951819744,0.15556630955458556,1.3318933474405927,-1.1702474939142564,0.39445126667125907,2.502140841354849,155.59180177856075,347.0,32.19548831672625,77819.62567536418,5,0
264,-0.0023928623503693186,0.3867746180803691,0.1495946051912154,1.4620744789940943,-1.333864140080835,0.38678201998211237,2.7959386190749296,149.6003309814432,467.0,30.517307486074625,74813.5824092591,5,0
265,-0.0071656504637546995,0.38577111032250394,0.14881934955945753,1.028671786407211,-1.28934792871595,0.38583765511679424,2.318019715123161,148.87069610602623,292.0,32.773187788986334,74685.71480772886,5,0
266,-0.0011044310871355521,0.3885770373393518,0.15099211394742798,1.3644644771696084,-1.2151755720351853,0.38857860686797235,2.5796400492047935,150.9933337154542,448.0,33.97300620149397,75497.30949575453,5,0
267,0.006594993699471009,0.4039314735271497,0.16316063530581443,1.2214257242983855,-1.22002776597634,0.40398530820774964,2.441453490274726,163.20412924771045,213.0,38.63214583304726,81629.99177971348,5,0
268,0.0012938834861679655,0.3959082614416116,0.15674335147771948,1.3536323767004412,-1.2808634668129832,0.39591037573192656,2.6344958435134247,156.74502561219526,26.0,34.397567817159526,78388.97911228087,5,0
269,-0.025564035253040265,0.3942266446317545,0.15541464733761165,1.345866349898503,-1.1151264744049159,0.3950546382920094,2.460992824303419,156.06816723603035,348.0,28.394948865724775,78385.45928644326,5,0
270,-0.008620490240730048,0.4027834076014632,0.16223447343904643,1.4306908101537952,-1.113558367125736,0.40287564618755123,2.5442491772795313,162.30878629103697,261.0,31.369553328408436,81204.0919732414,5,0
271,-0.002132576429363099,0.39965346630231197,0.15972289312745322,1.2642844149978056,-1.5166629080062835,0.3996591560438473,2.780947323004089,159.72744100968026,3.0,34.87493237307556,79978.3969479143,5,0
272,0.00868271122759034,0.39647772345120524,0.15719458519305038,1.2783008262719233,-1.1422483282096496,0.3965727860901604,2.4205491544815727,157.2699746673121,427.0,30.117278581760363,78673.35290230098,5,0
273,-0.0004998519789354603,0.3833651841244514,0.14696886439877455,1.2120703344296355,-1.2148005780223439,0.3833655099911511,2.4268709124519794,146.9691142507754,126.0,32.00739806045472,73508.63578296779,5,0
274,0.012192150877031033,0.4014617964858296,0.16117157403762963,1.2062118119586969,-1.335892578148113,0.40164688792599634,2.54210439010681,161.32022258063787,308.0,32.46331434909148,80765.54271759822,5,0
275,0.009418791202801416,0.41130927792906946,0.16917532211053252,1.2316529117931196,-1.463140649967295,0.41141710676423565,2.694793561760415,169.26403573825448,458.0,30.333567851860607,84912.54040507833,5,0
276,-0.0004004277335453095,0.40863751980113366,0.1669846225892219,1.3748153676220063,-1.2685330331895077,0.40863771599253007,2.6433484008115142,166.98478293159167,23.0,29.182504607720123,83492.52846867041,5,0
277,0.005743502813006609,0.39688566486072635,0.1575182309719408,1.4462301163770022,-1.3625234695210962,0.3969272210324001,2.8087535858980983,157.5512187965038,125.0,30.765750959218074,78811.30345826967,5,0
278,0.007244400850449965,0.4086032580373545,0.16695662247874088,1.3358980745501854,-1.217865884388979,0.4086674734089109,2.5537639589391645,167.0091038224229,68.0,30.6226096698786,83540.01707292246,5,0
279,0.0017734634256600036,0.3988345634579339,0.1590690090086807,1.2085010247811219,-1.4562794878707988,0.3988385063922525,2.6647805126519204,159.07215418120285,221.0,35.5270469972931,79580.96461913662,5,0
280,0.023768672016658558,0.3890108886976221,0.15132947152531376,1.0866456274373004,-1.3885495198092055,0.3897363484392356,2.475195147246506,151.89442129474926,48.0,35.316729270976275,76233.17424170981,5,0
281,-0.002160829156548108,0.401248706323081,0.1610005243259461,1.2500789455630226,-1.2602039911178424,0.4012545245957856,2.510282936680865,161.0051935085899,372.0,33.51177278895579,80629.3141826141,5,0
282,-0.005191844258837061,0.39062676044474204,0.15258926597555386,1.3253778463344537,-1.1270229604015858,0.39066126148155755,2.4524008067360397,152.6162212223619,82.0,27.472547610570032,76321.70098760401,5,0
283,-0.0006954780348998675,0.384198520484534,0.1476085031425049,1.3618630386783335,-1.3765577632711088,0.3841991499628831,2.7384208019494425,147.60898683220194,28.0,32.96691574799477,73880.69390589371,5,0
284,0.01671895207886626,0.399306476189298,0.1594456619267144,1.2893955618706576,-1.4787673456685129,0.39965633397374023,2.7681629075391703,159.72518528532981,160.0,29.735457982371432,80053.84462262811,5,0
285,0.02076293388195763,0.40008353741679176,0.1600668369119334,1.084130568693135,-1.1857946124275034,0.40062193691224646,2.2699251811206382,160.49793633532,71.0,40.48951984478774,80474.9520783821,5,0
286,-0.015019299914865848,0.40554310175180325,0.16446520737847345,1.2858472688369158,-1.3849626245125843,0.4058211265427246,2.6708098933495004,164.6907867484061,467.0,32.80558735710771,82506.20765392942,5,0
287,0.008625666391024066,0.39978714231993034,0.15982975916433623,1.2141042280028076,-1.3574188099977778,0.39988018366133804,2.5715230380005853,159.90416128502545,4.0,29.816904352504434,80012.86389816621,5,0
288,0.003733475777042692,0.399025144504942,0.15922106594718982,1.2029082270358025,-1.2559613678666977,0.399042610241773,2.4588695949025,159.23500478856758,216.0,30.75735184137986,79650.72994256223,5,0
289,-0.04400839942226882,0.3911365260840666,0.15298778203711175,1.1609038187030731,-1.1160484702700855,0.3936045239282974,2.276952288973159,154.92452125682166,448.0,30.230905425542844,78478.4435667771,5,0
290,-0.020123727421109863,0.3834115868024818,0.147004444894397,1.0920451389752968,-1.5043353105960255,0.3839393302329369,2.5963804495713223,147.40940929971617,292.0,28.869499668795978,73923.31655327248,5,0
291,0.0025078534378893203,0.42047038943058135,0.17679534838790475,1.5047064298996748,-1.1572908708447742,0.4204778682841354,2.6619973007444493,176.8016377167707,483.0,31.243964056314383,88493.82425371691,5,0
292,-0.008946852503713531,0.38765711215097914,0.15027803660123681,1.1860401724368963,-1.1322462414477596,0.3877603419265049,2.318286413884656,150.35808277095998,61.0,32.66410451552099,75229.76279326243,5,0
293,0.02087132688316706,0.38871819997554846,0.15110183899223048,1.2519180778104912,-1.1261898950903608,0.38927811559101866,2.3781079729008523,151.5374512780945,82.0,35.83157043816595,75999.78482254577,5,0
294,0.009118038196023427,0.4122854212548624,0.16997926857929935,1.286421756536916,-1.3338658940198302,0.41238623546360453,2.6202876505567465,170.0624071998435,155.0,38.28123671630273,85251.66774853085,5,0
295,-0.004889184772535295,0.4024307949669499,0.16195054473773127,1.5421161813690718,-1.282373177119356,0.4024604935462254,2.824489358488428,161.9744488654713,231.0,36.24618420476601,81121.8827022273,5,0
296,-0.005857072761219785,0.39169667867361485,0.15342628808394107,1.1458392930652435,-1.4272545709410152,0.3917404668722282,2.5730938640062586,153.4605933852713,289.0,34.071144834877096,76751.38883489044,5,0
297,0.00024196133515974472,0.4119055026902634,0.16966614314651857,1.410647682882614,-1.1572975848386282,0.41190557375666365,2.5679452677212424,169.6662016918063,323.0,33.865521444558304,84850.4129876879,5,0
298,0.006679593774848377,0.39568111177903864,0.15656354221869606,1.1888027139198531,-1.1545732509679227,0.3957374877260089,2.343375964887776,156.60815919169306,323.0,32.353318454263224,78378.87218900409,5,0
299,-0.0018770909092792802,0.389751180244661,0.1519059825021062,1.2310442165799151,-1.2341121787731972,0.38975570037189694,2.4651563953531124,151.90950597238793,126.0,37.89546818047145,76033.80316113928,5,0
300,-0.010279004859884878,0.7947310703812642,0.63159747422935,1.8578093093414672,-1.8772831529594547,0.7947975416231856,3.735092462300922,631.7031321702594,50.0,494.50719177786493,316063.9439617171,5,1
301,-0.00495928200810882,0.8122878592699445,0.6598115663173492,1.9573754717885237,-2.1994283557262104,0.8123029981450179,4.156803827514734,659.836160795385,50.0,494.66205094536434,329946.0599461964,5,1
302,-0.006777083060267707,0.8131645863349181,0.6612366444692384,2.1113903309904836,-1.87236625315759,0.8131928266555506,3.9837565841480735,661.2825733240443,50.0,502.60857567225816,331033.4813322845,5,1
303,-0.012190280261329019,0.8282331634108795,0.6859701729735925,2.040430967178033,-1.890882440114443,0.8283228693610012,3.931313407292476,686.1187759064424,50.0,511.2013013411194,343250.5458603379,5,1
304,-0.007701348248651625,0.8023979549011184,0.6438424780294972,2.0198180385643365,-1.9148602066705382,0.8024349124971721,3.934678245234875,643.9017887943444,50.0,495.3659548231132,321986.4201856103,5,1
305,-0.018980715203033127,0.8296688807193173,0.6883504516340447,1.868779895256241,-2.1964342916247315,0.829885967578476,4.065214186880972,688.7107191836633,50.0,509.44680004579607,344564.1510013573,5,1
306,-0.002115606692829681,0.8120304693529083,0.6593934831575046,1.8690234270039325,-1.9950480357652465,0.8120332252741777,3.864071462769179,659.3979589491832,50.0,502.09103117620816,329716.2648860185,5,1
307,0.006990735574958412,0.8075053326588834,0.6520648622725339,2.153512693345447,-1.8920298712197354,0.8075355921917082,4.045542564565182,652.1137326564129,50.0,495.0176611525603,326081.47372662043,5,1
308,0.02093913885346273,0.80625857643225,0.6500528920705583,2.0948568418233835,-2.0537609943121713,0.8065304331558003,4.148617836135555,650.4913396064828,50.0,493.394156342654,325550.4584700302,5,1
309,-0.004475817994524433,0.8286286218700137,0.6866253929821983,1.8628767367953452,-2.2069696626576714,0.8286407097946119,4.0698463994530165,686.6454259289183,50.0,515.3229099154313,343341.75843933754,5,1
310,-0.016570404013009472,0.7973005895417489,0.6356882300836203,1.7839593821615596,-1.929548545101465,0.7974727634049796,3.7135079272630245,635.9628083727746,50.0,486.39683910563724,318193.3335644844,5,1
311,-0.010334263099262834,0.8131811792449929,0.6612636302782773,1.8722736929011812,-1.8433440983272549,0.8132468427679767,3.715617791228436,661.3704272720821,50.0,502.72893171626913,331010.06952219165,5,1
312,-0.009561006032523776,0.8072382230612458,0.6516335487710777,1.9611492992317747,-2.0959766935251745,0.8072948418065309,4.05712599275695,651.7249616074316,50.0,499.0675094323929,325923.28577099426,5,1
313,-0.021498410424983766,0.838547435149132,0.7031618009951878,1.8527796984562088,-1.9629193653749206,0.838822974557796,3.8156990638311292,703.6239826459888,50.0,520.065389758502,352045.5044120924,5,1
314,-0.014605459786547023,0.7897729857582116,0.6237413690334404,2.13948876411861,-1.719147826780056,0.7899080253352392,3.858636590898666,623.9546884890168,50.0,487.5622066980025,312341.6693510697,5,1
315,-0.019733290324180416,0.81575467673301,0.6654556926117777,1.9225684680105912,-2.160461293333448,0.8159933182071996,4.083029761344039,665.8450953587961,50.0,503.500270520089,333140.9585789378,5,1
316,-0.0131941239623951,0.8178953962382446,0.6689528791877152,2.1044048025496966,-2.1210209228206693,0.8180018117919118,4.225425725370366,669.1269640948503,50.0,509.3497920052564,334652.2761635075,5,1
317,0.004864245590889991,0.7994144826568297,0.6390635150814867,1.8988109223631897,-2.061094475357044,0.7994292814043373,3.9599053977202336,639.0871759666552,50.0,497.5185603628683,319627.6867117317,5,1
318,0.007566360855250152,0.8250784912681919,0.6807545167533957,1.8973674180111602,-1.8411034325590583,0.8251131840965744,3.738470850570218,680.8117665699875,50.0,511.0152722593191,340496.89979937195,5,1
319,4.385325956871266e-05,0.8135277263353478,0.6618273615163605,2.0730751178464746,-1.944885471054226,0.8135277275173041,4.017960588900701,661.827363439469,50.0,499.0702267853386,330930.0594819941,5,1
320,0.02630492248349544,0.7923849603500899,0.6278739253890134,1.906865161438044,-2.18195295445134,0.7928214643511338,4.088818115889384,628.5658743358761,50.0,487.80592933321054,314636.9376879348,5,1
321,0.01238323934782234,0.8174224413950186,0.6681794476961926,2.022633473771847,-1.9046747065694838,0.8175162336693615,3.927308180341331,668.3327923129381,50.0,502.22865010789053,334245.5616230285,5,1
322,0.01159082353621011,0.8226593118326759,0.676768343345012,2.209622659857849,-2.232246061480857,0.8227409619894098,4.441868721338706,676.9026905352596,50.0,503.83754026846975,338921.85947233223,5,1
323,0.022919498830724375,0.8260017088867196,0.6822788230837812,2.2013438937259213,-2.188827578059217,0.8263196273297838,4.390171471785138,682.8041265104328,50.0,505.96103162664036,341938.3929510318,5,1
324,-0.018915195405243886,0.8190391809602914,0.6708251799481049,2.225707812850933,-2.2055917012111554,0.8192575691229977,4.431299514062088,671.1829645653235,50.0,501.353125843481,335858.9667420217,5,1
325,0.00603787456730318,0.8137261663116613,0.6621502737402734,1.9337859199001222,-2.066520787659454,0.813748566615981,4.0003067075595755,662.1867296695639,50.0,501.837291788318,331303.83061514125,5,1
326,0.0023095281189523965,0.7865198118094264,0.6186134143687356,1.734028536433633,-2.4284943542919013,0.7865232026385921,4.162522890725534,618.6187482888679,50.0,484.2051895258696,309315.0240451487,5,1
327,-0.010042162273153932,0.7988330217517101,0.6381341966409682,1.8924326681583983,-2.2491738244961943,0.7988961394725153,4.141606492654592,638.2350416640886,50.0,490.8514705506847,319220.62101973104,5,1
328,-0.008503392955426264,0.8198011313404976,0.6720738949471597,2.11154217137929,-1.969057517226537,0.8198452309057571,4.080599688605827,672.1462026389141,50.0,502.3385666136222,336110.4150174839,5,1
329,0.016804242297988232,0.836758964526965,0.7001655647162386,2.165208343878402,-2.1847960059616023,0.8369276834204064,4.350004349840004,700.447947275448,50.0,520.2666117892848,350386.13265822723,5,1
330,-0.010780403345385393,0.810324252732266,0.6566253945661055,1.9262776304717075,-2.1258709718969615,0.8103959598013768,4.0521486023686695,656.7416116623947,50.0,499.8399395796233,328435.0738358813,5,1
331,-5.609723270559819e-05,0.8307927277462445,0.6902165564760455,1.8718822346485822,-2.0583658924575357,0.8307927296401583,3.930248127106118,690.2165596229452,50.0,513.1739058188665,345116.66785044916,5,1
332,0.004058600287558406,0.8066194098011572,0.6506348722679672,1.9595005788250215,-1.9807911393130073,0.8066296203985207,3.940291718138029,650.6513445042615,50.0,498.9038364365876,325373.51185127004,5,1
333,-0.006855180185141529,0.805957551362921,0.6495675745989155,1.7589142230895431,-2.1354069973287375,0.8059867046634742,3.8943212204182807,649.6145680942864,50.0,502.11114373850523,324865.2015258862,5,1
334,0.02596151608238857,0.8226572059351668,0.6767648784770554,2.5011945492161014,-1.8660946755694237,0.8230667523320034,4.367289224785525,677.4388787943515,50.0,509.7863053377401,339674.91987150453,5,1
335,-0.0028227648254011053,0.8086553043984908,0.6539234013318157,1.8845667861241375,-2.1142465728620006,0.8086602310816795,3.998813358986138,653.9313693330753,50.0,496.0720253456563,327048.89090413606,5,1
336,-0.014716306881219533,0.8213163024816443,0.6745604687221199,2.0390587892883802,-1.8569448986934947,0.8214481349484836,3.896003687981875,674.7770384103421,50.0,509.10411268942016,337531.89308871876,5,1
337,-0.006502998053423822,0.8265288727423502,0.6831499774767401,2.1457941809994847,-2.0448588374857,0.8265544546249951,4.190653018485184,683.1922664604231,50.0,512.4907748608542,341975.6548439428,5,1
338,-0.02117559868223311,0.8078719424649067,0.6526570754220216,1.919221476315888,-2.021874308222641,0.8081494177449937,3.941095784538529,653.1054814015724,50.0,498.4835490130896,326777.9492877946,5,1
339,-0.009338859605717783,0.8288976856795741,0.687071373324954,2.061892607321631,-1.9982300494371563,0.8289502926133082,4.060122656758788,687.1585876236893,50.0,506.89363988085734,343628.55076828366,5,1
340,-0.007387317060626376,0.7998197215461709,0.6397115869741943,1.9591690126728862,-2.543405727314405,0.7998538362898239,4.502574739987291,639.7661594275485,50.0,489.66987936771875,320426.05424111336,5,1
341,-0.00600006652286701,0.8086466273152779,0.653909367868374,1.9035601966936038,-1.9667805360034316,0.8086688869164268,3.870340732697035,653.9453686666527,50.0,494.1225516281181,327060.5110757499,5,1
342,-0.023802275068814813,0.8007065827184274,0.641131031608622,1.758600403443538,-2.0175216697926937,0.801060284814491,3.7761220732362317,641.6975799070734,50.0,492.8427090718136,321132.43728185084,5,1
343,0.017111219068520023,0.7938543863263979,0.6302047866896618,2.176507371994486,-1.766270073575679,0.7940387777103034,3.9427774455701647,630.4975805076726,50.0,492.9021593074901,315448.5281724349,5,1
344,-0.013351062054522519,0.8032615442127531,0.6452291084110567,2.0093924241893455,-1.9207743788253242,0.803372490983504,3.9301668030146697,645.4073592690404,50.0,498.5133623832877,322803.3538062532,5,1
345,0.006902490938279995,0.8252183609634315,0.6809853432711722,2.012348071613133,-2.1268962898179318,0.8252472282003287,4.139244361431064,681.0329876523253,50.0,510.19080945255314,340547.52670455375,5,1
346,-0.02337346864970877,0.8201731265459141,0.6726839575081001,2.0303220484546007,-2.1307441809461904,0.8205061099984685,4.161066229400792,673.2302765448189,50.0,505.11611198644374,336910.95950470853,5,1
347,0.017640323073414423,0.819003729213985,0.6707671084664144,2.2887769659604893,-1.9540767769206862,0.8191936825101551,4.2428537428811754,671.0782894645488,50.0,502.3712369873011,335868.947928845,5,1
348,-0.0006286538789896347,0.8250694827772083,0.68073965141025,2.0218651191869332,-2.0101828201313063,0.8250697222756084,4.03204793931824,680.7400466159495,50.0,512.1044089489521,340370.24068405956,5,1
349,0.009787305154076687,0.81300711922246,0.6609805759064034,1.844346747394557,-1.857821531564348,0.8130660288368851,3.702168278958905,661.0763672485823,50.0,504.6019677754401,330689.0316105509,5,1
350,0.012101782507684497,0.8237359093921717,0.6785408484221481,2.005955326012633,-2.2717977660078787,0.8238248002834166,4.277753092020512,678.6873015620114,50.0,515.3112732385534,339424.7820589034,5,1
351,-0.00979233896407512,0.828640423268131,0.6866449510739874,2.0145484791989987,-1.930328918468358,0.8286982810265596,3.944877397667357,686.7408409763748,50.0,507.8960019534567,343433.9391444272,5,1
352,0.0018238763353711142,0.7961738104530616,0.6338927364513477,1.9424603226673909,-2.0067804438377563,0.7961758995198451,3.949240766505147,633.8960629762345,50.0,487.4121408023938,317015.03053234745,5,1
353,0.005887667436730352,0.808273249242568,0.6533056454411384,1.9661321645890584,-2.0985070665581036,0.8082946925898896,4.0646392311471615,653.3403100689841,50.0,497.71000822816023,326884.036869058,5,1
354,0.010913464362324574,0.8047744979631783,0.6476619925718858,2.0854456238326904,-2.183760934845882,0.8048484927464757,4.269206558678572,647.7810962762737,50.0,490.81879254004525,323963.46201460826,5,1
355,-0.008492315114338874,0.8181235089468479,0.6693260758915032,1.9607788292867077,-2.2538080600320045,0.8181675838772301,4.214586889318712,669.3981953075044,50.0,501.4617524988996,334832.186566116,5,1
356,-1.1090655119465609e-05,0.8155904698150535,0.6651878144531396,1.9046498911303207,-2.2284193864039645,0.8155904698904605,4.133069277534285,665.1878145761422,50.0,504.5901866975452,332607.2066104486,5,1
357,0.03370733003049692,0.814087002079954,0.662737646955527,2.07727826604745,-1.8007732706806963,0.8147845304455111,3.8780515367281465,663.873831053312,50.0,500.96697759992526,332508.17091269256,5,1
358,-0.002929982866441499,0.8243124893905565,0.6794910801652562,2.325948962727145,-2.0498612258337863,0.8243176966223968,4.375810188560932,679.4996649648539,50.0,509.5634915392727,339977.22753824806,5,1
359,-0.011124490851349762,0.7864776351197297,0.6185470705435226,1.9802240662367856,-2.1496959432637683,0.7865563074823215,4.1299200095005535,618.6708248402244,50.0,486.8905835954963,309488.2805402206,5,1
360,-0.00840347108746192,0.816062033139608,0.6659572419319506,1.9543569758805672,-1.9288977616719931,0.8161052997366629,3.8832547375525603,666.0278602582684,50.0,501.1283768817869,333066.966182752,5,1
361,0.016609217081514173,0.8086063986891443,0.6538443080010274,1.9778814917389238,-2.11170566957862,0.8087769618956071,4.089587161317544,654.1201740930883,50.0,498.9837606344902,327281.6479669538,5,1
362,0.022833275807238793,0.8075457477252372,0.6521301346691125,2.2285244242930204,-1.931170118798516,0.8078684875356892,4.159694543091536,652.651493153202,50.0,503.50423028461745,326661.8037519931,5,1
363,0.005885653649326101,0.8051865607760919,0.6483253976544311,2.0804334903051784,-1.8423040536109188,0.8052080716021859,3.922737543916097,648.3600385733109,50.0,501.73845005913233,324219.0765441109,5,1
364,0.005862849741174509,0.8143232452688723,0.663122347785228,2.0817772987194205,-1.9492580613190893,0.8143443502550476,4.03103536003851,663.1567207923156,50.0,499.72285586689424,332096.8623217761,5,1
365,0.0013085414039052826,0.7958800537328727,0.6334250599298403,2.2127338781021164,-1.9986872145936145,0.7958811294473856,4.211421092695731,633.4267722104462,50.0,488.4406437391956,316772.38943386194,5,1
366,0.005159494682622574,0.8176478873069296,0.6685480676174854,2.0168634812113746,-1.9414082984308987,0.8176641657813222,3.9582717796422733,668.5746880028655,50.0,511.14119396978515,334301.3830369519,5,1
367,-0.008411367313436372,0.8012167701122406,0.6419483127090909,2.0257127047833148,-2.0016626244033335,0.801260921179345,4.027375329186649,642.0190638091725,50.0,496.3384051214334,321207.6654807713,5,1
368,-0.006071099723630812,0.7976980150113432,0.6363221231530372,2.002664834979709,-2.1891860106455203,0.7977211175623291,4.191850845625229,636.3589814048913,50.0,486.95273284382046,318302.1798319723,5,1
369,0.01894116665244442,0.8147603309160243,0.6638343968343895,2.0759758068906704,-1.7793527881948081,0.8149804688632393,3.8553285950854788,664.1931646285452,50.0,504.0334875009519,332300.6565740128,5,1
370,0.02065029805602779,0.8278254482982338,0.6852949728501717,2.2218089750506484,-2.1834083614239157,0.8280829714829151,4.405217336474564,685.7214076599745,50.0,506.0711040167673,343119.3975801292,5,1
371,-0.002145625807847795,0.8333197743774975,0.6944218463685634,2.082811418684524,-2.0602863202480344,0.833322536643928,4.143097738932559,694.4264500786707,50.0,514.8401523210797,347227.1747839625,5,1
372,0.0007034081067091762,0.8080618002962251,0.6529638730979763,1.822609771498739,-2.1528779287845428,0.8080621064503277,3.975487700283282,652.9643678809408,50.0,493.5572065654367,326525.3874469209,5,1
373,-0.0005715876521589811,0.7979721446020575,0.6367595435608069,2.0615174649956107,-1.941892889961065,0.7979723493162222,4.003410354956676,636.759870273251,50.0,492.019531926964,318473.61880432116,5,1
374,-0.014630280198956878,0.812120307738863,0.6595393942418655,1.996786513715644,-1.9929730163765953,0.8122520786926712,3.9897595300922393,659.7534393405654,50.0,499.40322489009276,330393.559585855,5,1
375,0.012393717585828792,0.8102704473087495,0.6565381977819211,2.2874673182236975,-1.8121479793481812,0.810365227547134,4.099615297571878,656.6918020175183,50.0,500.77388790369554,328582.7222787327,5,1
376,0.013741689876000438,0.8239275234994284,0.6788565639799012,1.8170510352010434,-2.2327936358139917,0.8240421093733921,4.049844671015035,679.0453980205496,50.0,512.0245542624235,339730.35428650904,5,1
377,0.0007129747032956848,0.8024535075482688,0.6439316317765195,1.9032197635731276,-1.9268221446083054,0.8024538242848912,3.8300419081814328,643.932140109447,50.0,498.78892492129063,322155.7844110134,5,1
378,0.025657184167132443,0.7925301059464631,0.628103968831512,2.201705102927205,-1.9606617945749956,0.7929453070236926,4.162366897502201,628.7622599308982,50.0,480.3076083151205,314889.91818260326,5,1
379,0.007057535870431548,0.8027154719468271,0.6443521289028175,1.9410365411574992,-1.8091544235649093,0.8027464965450674,3.7501909647224085,644.4019377153799,50.0,497.0826082060003,322460.33032648015,5,1
380,-0.004036173146862432,0.809176168344899,0.6547660714173323,1.9880204540342366,-2.0704524023816466,0.8091862345041492,4.058472856415883,654.7823621110039,50.0,498.95490789147397,327399.5235624462,5,1
381,0.005723881591939627,0.802210172143142,0.6435411602899296,2.13724424746946,-1.9359452242387796,0.8022305922304436,4.07318947170824,643.5739231104081,50.0,493.5269866921064,321817.2804816833,5,1
382,0.011198543579601306,0.7961767061025945,0.6338973473403771,1.9226732882723878,-2.3311524188240904,0.7962554582033843,4.253825707096478,634.0227547186814,50.0,484.8743268686,317097.1058611654,5,1
383,-0.008960019413351063,0.8095871355809832,0.6554313300982212,2.0681330037347307,-2.159226360907616,0.8096367160931555,4.227359364642346,655.5116120461089,50.0,495.3112412176012,328001.81828473136,5,1
384,0.0005609289614860078,0.8088369624263326,0.6542172317870567,1.864080684109511,-1.9462950947305688,0.8088371569286098,3.81037577884008,654.2175464283566,50.0,499.7118898778468,327124.0683711696,5,1
385,-0.006371015671951042,0.8200359315353231,0.6724589290090051,1.965069249397474,-1.9289830123613236,0.8200606799802667,3.8940522617587976,672.4995188496973,50.0,507.4277648161428,336355.28922350495,5,1
386,0.010068503598560092,0.8150444529190201,0.6642974602340647,1.9439812042915192,-2.08604099906804,0.8151066402617384,4.030022203359559,664.398834998779,50.0,503.62938292098073,332255.35489286465,5,1
387,-0.007428064668645636,0.8144260588089499,0.6632898052670791,1.8401315938995844,-1.901284755267152,0.814459932355055,3.7414163491667365,663.3449814118006,50.0,500.72562471079556,331786.5563960403,5,1
388,0.005989041574759181,0.800029496889464,0.6400471958932089,2.0128387109675554,-1.964243082653102,0.8000519136357297,3.9770817936206573,640.0830645121931,50.0,494.0565703884267,320059.8863784314,5,1
389,0.015266441582575957,0.8163343727879998,0.666401808195177,2.030335023015594,-2.228965252715994,0.8164771107837446,4.259300275731588,666.6348724337713,50.0,501.05532467667155,333442.22748127126,5,1
390,-0.00011213244054498794,0.8178802267611245,0.6689280653268284,2.09023873477514,-2.0498375495325036,0.817880234447876,4.140076284307644,668.9280779005128,50.0,505.2232802366671,334585.15783232066,5,1
391,0.0015427402671072147,0.8149505540647742,0.6641444055704826,2.1880806384342666,-2.019818096535266,0.8149520143039186,4.2078987349695325,664.1467856180144,50.0,504.6340360291243,332075.38564101525,5,1
392,0.005838794966667204,0.8033484632221612,0.6453687533614082,1.9717365904810153,-1.7850687597060493,0.8033696813348578,3.7568053501870646,645.402844888071,50.0,495.4553490693921,322775.0368234086,5,1
393,-0.0014099806597923674,0.8137902567377762,0.6622545819613356,1.9664446584992654,-1.8853420128535388,0.8137914782097418,3.851786671352804,662.2565700067967,50.0,500.06718370762985,331138.02903929865,5,1
394,-0.009134772250201696,0.7824842432775204,0.6122815909775938,1.8436033618090821,-1.9455424628192985,0.782537561425429,3.7891458246283807,612.3650350416569,50.0,478.9735187569942,306267.6819657011,5,1
395,-0.021545043251075216,0.8267455679690541,0.6835082341564739,2.041057097302226,-2.1898153019899285,0.8270262529358814,4.230872399292155,683.9724230451645,50.0,511.15779882762405,342480.6976094352,5,1
396,-0.00030020253969629927,0.8003530442763447,0.6405649954824125,2.006257443706665,-2.381918237520054,0.8003531005774748,4.388175681226719,640.5650856039774,50.0,488.9114856257503,320500.549771232,5,1
397,0.0013694227487887805,0.8008228403630326,0.6413172216471152,1.9613166581110555,-2.113223173618934,0.8008240112320435,4.0745398317299895,641.3190969657801,50.0,492.4676729124115,320900.6730108458,5,1
398,-0.0039826838568985026,0.8046465236572586,0.6474560280337113,2.367097757594677,-2.185557901780016,0.8046563799563236,4.552655659374693,647.4718898044154,50.0,492.133309339964,323757.8809548317,5,1
399,-0.011764892984353754,0.7987825958742828,0.6380536354716578,1.8504558923463046,-2.1306927922514345,0.7988692309624844,3.981148684597739,638.1920481785912,50.0,486.7874747983883,319228.9770467633,5,1
400,-0.012132337712912833,0.6899995439504051,0.47609937065176694,2.4487951594152495,-1.9684908213476804,0.690106197820413,4.41728598076293,476.24656427014713,391.0,54.863550867023136,238405.39366764625,0,0
401,-0.015904532369435988,0.700144126533634,0.49020179791954527,1.9022573565430383,-2.2908805421900333,0.7003247475774618,4.193137898733072,490.4547520694356,5.0,55.94976097721591,245855.47961374547,0,0
402,-0.028366670124902592,0.6985403148373774,0.4879585714531024,2.14401015404137,-2.7003856459063504,0.6991160414602696,4.844395799947721,488.76323942707745,401.0,54.84778536449495,244932.34161968646,0,0
403,-0.030669981207529333,0.6801747510262575,0.46263769193363136,2.037766547804213,-1.9820246009938192,0.6808658749569563,4.019791148798032,463.57833968090154,105.0,47.86698600627929,233047.3252512787,0,0
404,-0.014544948496132314,0.727459400227617,0.5291971789795242,2.603126559138941,-2.091873960093841,0.7276047928005144,4.6950005192327815,529.4087345062794,60.0,51.291148325721196,264891.50651346333,0,0
405,0.0014737349539150155,0.715331945671676,0.5116997924984257,2.61599535036975,-2.277025852924479,0.7153334637727639,4.893021203294229,511.7019643931401,454.0,60.93997742071841,256349.9412104011,0,0
406,0.011391259149762476,0.7266554569600228,0.5280281531297795,1.940309543227759,-2.4678414337770995,0.7267447377964263,4.408150977004858,528.1579139147965,429.0,62.11878518441101,264202.60498852853,0,0
407,0.01669245814688459,0.7222150397447542,0.5215945636335169,2.0419754234987804,-2.2420021280024898,0.722407919248192,4.28397755150127,521.8732017925024,396.0,54.22999065235856,261570.54140394425,0,0
408,-0.007923504084978775,0.7079476866635755,0.5011899270523081,2.2086105091278445,-2.944600952387671,0.7079920260633539,5.153211461515515,501.25270896929277,400.0,59.42008513460019,251045.25912798636,0,0
409,-0.013660238870196949,0.724528175849252,0.5249410775994446,2.343892015888378,-2.5965099484288854,0.7246569393343553,4.940401964317264,525.1276797254354,396.0,63.113157934024585,262907.06336239754,0,0
410,-0.0054921072585035115,0.7436585796623447,0.5530280831054158,2.1828245794534737,-2.3584792739290825,0.7436788596884779,4.541303853382557,553.0582463475548,437.0,58.9569756220154,276831.1518161413,0,0
411,-0.01354808277828822,0.6924334130890791,0.47946403156219136,2.181969831446768,-2.3064767045126056,0.6925659406216557,4.4884465359593735,479.64758210915863,58.0,51.5926383744868,239916.26002974456,0,0
412,-0.0062472453816489115,0.718181364874472,0.5157844728529595,3.04186571051317,-2.402819163638707,0.7182085358221649,5.444684874151877,515.823500927818,134.0,61.84087767909749,257932.34776033048,0,0
413,-0.013167196610091851,0.6849027099420725,0.46909172208599464,2.126159555730202,-2.5490281086691136,0.6850292673693318,4.675187664399315,469.2650971525635,185.0,47.22977375146921,235337.45286309475,0,0
414,-0.022315462945827844,0.7008565347650506,0.4911998823228746,2.2215566220623217,-2.100042045316848,0.7012117099773515,4.3215986673791695,491.69786220936123,500.0,62.46634959167611,248048.9434635787,0,0
415,-0.01753668096268015,0.7003230401483084,0.4904523605625691,2.0213880152535357,-2.0168185838059305,0.7005425723978207,4.038206599059466,490.7598957417559,94.0,59.936995540830445,245792.44055124064,0,0
416,0.01691274551876378,0.7123565288739926,0.5074518242294034,2.4209761593233954,-2.307878499124709,0.7125572715160418,4.728854658448105,507.73786519038595,55.0,64.61167607867243,254699.34044974734,0,0
417,0.010914758485264986,0.6871042962245102,0.4721123138901794,2.1845516390919597,-2.242558660774308,0.687190982073376,4.427110299866268,472.231445842971,2.0,56.6103050693321,237150.1366188174,0,0
418,0.012213073891317133,0.7324963527101124,0.5365509067336173,2.761572460055453,-2.846797214199249,0.732598161277717,5.608369674254702,536.700065907492,202.0,69.68427196246535,268643.9165200506,0,0
419,-0.009654226624160248,0.7036335894887074,0.4951002282567627,2.155942744524808,-2.130890089951586,0.7036998169308226,4.286832834476394,495.19343234847327,285.0,61.646484840607144,248521.66297017498,0,0
420,-0.011643769031339499,0.7203433938166991,0.51889460501536,2.3755276149562294,-2.2788451794441564,0.7204374937304521,4.654372794400386,519.0301823726152,71.0,57.129506924464145,259894.53006607993,0,0
421,0.03176276420854069,0.6808214726873737,0.46351787767220437,2.8325882997404954,-2.128160970081772,0.6815619934109969,4.9607492698222675,464.5267508623717,155.0,52.64802224967676,232768.79664810878,0,0
422,-0.015335948160214203,0.7051235094683381,0.49719916360494554,2.259715862105529,-2.1328107715327387,0.7052902628782836,4.392526633638267,497.43435491091833,463.0,46.549046860208165,248950.0681102869,0,0
423,0.03352082922093118,0.7227439605054374,0.5223588324470854,2.2828034685510383,-2.3115084865472095,0.7235208901191066,4.594311955098248,523.4824784387442,74.0,56.834752386613346,262317.74521954544,0,0
424,0.012015744545592136,0.7384301326587015,0.5452790608183475,2.529109203025268,-2.418267575097012,0.7385278863626833,4.94737677812228,545.4234389353325,346.0,58.41562272998902,272808.53643746587,0,0
425,0.049052240984901234,0.7249324939674229,0.5255271208098277,2.596191405667613,-2.4647228917517015,0.7265901479895447,5.060914297419314,527.9332431554685,413.0,59.58758391064438,265262.7027002735,0,0
426,-0.0016044812458325523,0.7266930773412855,0.5280828286557476,2.4682193939991866,-2.4077514030211415,0.7266948486234205,4.875970797020328,528.0854030158159,448.0,59.24586978271962,265032.5629409207,0,0
427,-0.02407684092239022,0.7136377270484681,0.5092788054669038,2.083039387989061,-2.533972918136161,0.7140437659805636,4.617012306125222,509.8584997357059,499.0,53.23183869942132,255289.22813404095,0,0
428,-0.025933401908444644,0.7125738444689103,0.5077614838212027,2.7289912376175267,-2.0889313511286547,0.7130455982303989,4.817922588746182,508.4340251557476,439.0,51.13225769493008,254868.23217536282,0,0
429,0.018005791178914075,0.7163707494695529,0.513187050695569,2.3921132929532627,-2.2994803638504853,0.716596999164487,4.691593656803748,513.5112592115478,382.0,54.825075579928274,256918.14029070054,0,0
430,-0.02198399935353199,0.7070179944523199,0.49987444447938073,2.036982311229863,-2.13975631337339,0.7073596968353207,4.176738624603253,500.3577407069568,425.0,63.66105679109405,250685.21002763056,0,0
431,0.014113706697041735,0.7000041300981413,0.49000578215445556,1.9665278341672732,-2.6358762011751153,0.7001463981705439,4.6024040353423885,490.20497887118574,139.0,61.73042278499767,245352.91060888168,0,0
432,0.0014771588322169897,0.7012044047494396,0.4916876172400159,2.1135338734518836,-2.285815348754121,0.7012059606408316,4.399349222206005,491.68979923823156,280.0,58.427537466515254,245947.08515219978,0,0
433,-0.01617612848292016,0.6928042171029744,0.47997768323566514,1.9576397431490746,-2.169056699705923,0.692993037748837,4.126696442854998,480.2393503683611,174.0,58.66236007752013,240798.204457244,0,0
434,-0.0077499681237801765,0.7029970094097435,0.4942047952390431,1.8173800709583559,-2.7089578665214082,0.7030397266477639,4.526337937479764,494.2648572449627,246.0,57.0947585090326,247527.17674180446,0,0
435,-0.0021628212842027435,0.7036712966471219,0.49515329372504185,2.174228013709111,-2.376902541242717,0.7036746204894342,4.551130554951828,495.1579715209492,133.0,60.44047226940439,248070.5862979556,0,0
436,-0.02088580718205268,0.7001110379442057,0.490155465451313,2.415065300469276,-2.0812257555107627,0.700422502774546,4.496291055980039,490.5916823929589,100.0,52.941643375430914,245560.1805451138,0,0
437,0.019227594136588557,0.7118732074502158,0.5067634634854579,2.4352985276895223,-2.630238498356086,0.7121328274007169,5.065537026045608,507.13316386173926,440.0,58.65974853475106,253906.98981710017,0,0
438,-0.02409420379325332,0.7114687671157094,0.5061878065811476,1.9454281765309114,-2.062625609253583,0.7118766306303209,4.008053785784494,506.76833723757846,250.0,51.094163610173965,253787.33533263463,0,0
439,0.021504592601578516,0.7006858820032661,0.4909607052386949,2.313549372792446,-2.1303444066509654,0.7010158006362301,4.443893779443411,491.4231527416548,337.0,64.4475464337744,246233.19212620347,0,0
440,0.01616377912459548,0.7120810553716227,0.5070594294191639,2.283918976180897,-2.09212855676009,0.7122644854088632,4.376047532940987,507.32069717475275,433.0,70.95718659154734,253793.01255285263,0,0
441,0.002089991644358129,0.7134295730130147,0.5089817556495325,2.3233997996986204,-2.2323084634719303,0.7134326343212833,4.555708263170551,508.98612371460604,62.0,61.5200026549976,254645.03178141575,0,0
442,0.014118184636828016,0.7044505612730737,0.4962505932779485,2.172225249134972,-2.139543574117789,0.7045920212544193,4.311768823252761,496.44991641538803,153.0,55.13206948921451,248334.31300611666,0,0
443,-0.03788636816163374,0.696969429579092,0.48576638576780484,2.2020286195298566,-2.3679606224941447,0.6979983973192802,4.569989242024001,487.2017626602837,88.0,57.7495477995972,244497.87502496038,0,0
444,0.021184729519165054,0.7216411963810796,0.5207660163143158,2.228779571788167,-2.0609907231788895,0.7219520822596995,4.289770294967056,521.214809079116,331.0,53.799801117105545,261071.15407230522,0,0
445,-0.0015098871611541318,0.6970376594089639,0.4858614986343267,2.3689095248188576,-2.5331483239182906,0.6970392947270377,4.902057848737148,485.8637783935662,395.0,65.31876421266524,242948.47128364025,0,0
446,-0.021539664734777458,0.729175399816476,0.5316967636975177,2.2195021161945196,-2.2176956658367275,0.7294934686852271,4.437197782031247,532.1607208544044,358.0,53.56037723405928,266321.7169061962,0,0
447,-0.012601828397532065,0.7094355529057568,0.5032988037266969,2.381008060376356,-2.0494589955312734,0.7095474683244651,4.430467055907629,503.45760980565774,464.0,52.68020349740424,251875.10226644026,0,0
448,-0.031958681508444456,0.6919103763574475,0.4787399689111046,2.118288635291259,-2.1658773444861157,0.6926480536570234,4.284165979777375,479.76132623486285,266.0,49.65049208283555,240574.86024267162,0,0
449,-0.03146858725379263,0.720554649801644,0.5191990033507697,2.69592643927388,-2.144877172314576,0.7212414819840297,4.840803611588456,520.1892753345194,444.0,57.20727452394521,261044.52295922535,0,0
450,0.02227072336558567,0.685549712228846,0.4699784079370535,2.768899935857006,-1.9234514770913371,0.6859113594745898,4.692351412948343,470.4743930562799,216.0,53.686137746666965,235488.3813409706,0,0
451,0.03396842951331908,0.7105152791708883,0.5048319619352853,2.6625835854389672,-3.414926950924731,0.7113267998176975,6.0775105363636985,505.98581613888666,364.0,53.2640965448923,253739.2040697066,0,0
452,-0.03200492758413507,0.695300176591976,0.4834423355688329,2.340813955979674,-2.0708163943757354,0.6960363862317103,4.411630350355409,484.4666509584986,40.0,61.02602008367289,242809.82696253218,0,0
453,-0.0034288765349943045,0.6931734533240426,0.4804894363931786,2.3962431477646686,-2.3634133120387,0.6931819339736653,4.759656459803368,480.5011935874709,5.0,57.569393892990185,240511.6274577758,0,0
454,0.020027632347072215,0.7003590200450449,0.4905027569584557,2.603490208320529,-2.558960278156544,0.700645318985209,5.1624504864770735,490.9038630158852,10.0,53.02298973034633,245776.71491542895,0,0
455,-0.023633692746548474,0.7003503537590223,0.49049061801038774,2.2251261882847024,-2.5055980490615943,0.700749006023716,4.730724237346297,491.049169443226,313.0,58.56880395286034,246102.97108967626,0,0
456,0.0019213659018609097,0.7214243645893221,0.5204531138231071,2.486397377290245,-2.053518860171902,0.7214269231668832,4.539916237462148,520.456805470036,293.0,68.3522460856705,260240.0682794397,0,0
457,-0.04990140170971665,0.6812063348440475,0.46404207063166053,2.1185726038632113,-2.3445551799892512,0.6830316394752552,4.463127783852462,466.532220524255,186.0,56.36843953162885,235020.95006940988,0,0
458,-0.01620533007512452,0.6913740308991839,0.47799805060178574,2.501676239854654,-2.0782093477025594,0.6915639256964098,4.5798855875572135,478.2606633246295,335.0,59.01991098484014,239308.8926408173,0,0
459,-0.03371488240430542,0.7064866046969964,0.49912332261629005,2.365747698208898,-2.0866057309012436,0.7072906163040947,4.452353429110142,500.26001591182626,478.0,55.78661842483969,250724.83752894515,0,0
460,-0.015384504742577533,0.6979384317394072,0.4871180544988632,2.196169913670224,-2.112460601874388,0.6981079697905171,4.308630515544612,487.3547374850376,198.0,58.38049173244081,243796.29118756222,0,0
461,-0.039616686008231254,0.7107293796274842,0.5051362510656685,1.910374409570254,-2.2543651793980355,0.7118326579161308,4.164739588968289,506.7057328759433,454.0,61.40018899352279,254793.7101443038,0,0
462,0.01516558516698562,0.7180755665495318,0.515632519275431,2.1400181610892717,-2.0703173631226623,0.7182356954711232,4.210335524211934,515.862514248888,35.0,57.32645127231936,258111.67533550423,0,0
463,0.012904257591265091,0.6778308469036745,0.45945465701415256,2.6967974776734653,-2.8169159381863045,0.6779536686810791,5.51371341585977,459.6211768781343,2.0,56.5919577839311,229903.8201573364,0,0
464,-0.004153126886203662,0.6879180584186418,0.47323125509847397,2.223590045647021,-2.12126949740588,0.6879305950177,4.344859543052901,473.24850356140684,191.0,59.44726683055752,236711.7879824728,0,0
465,0.013726334543949795,0.7130154598211416,0.5083910459439539,2.390773016699749,-2.173972048195765,0.7131475711267383,4.564745064895514,508.57945820396634,27.0,59.476933487152195,254449.40444647602,0,0
466,-0.005999103423773958,0.7041371192079142,0.4958090826464204,2.250595564148868,-2.392429340232005,0.7041626743077977,4.643024904380873,495.84507188830946,40.0,52.04614312167484,248111.16919061134,0,0
467,0.012745239384855304,0.6984513209683365,0.4878342477624142,2.2345949847490014,-2.256228924184828,0.6985675979383752,4.490823908933829,487.9966888893914,436.0,60.39088999240976,244135.02807966518,0,0
468,-0.02274883607572842,0.7015582841945227,0.49218402612196266,2.603883090176669,-2.648380201896594,0.7019270159103174,5.252263292073263,492.70153566476296,411.0,56.01141100370787,246753.08623520003,0,0
469,-0.016657859391162783,0.7178865899819633,0.5153611560759315,2.404677904830159,-2.0696862368803406,0.7180798286788366,4.4743641417105,515.6386403554272,350.0,60.07207936376866,258003.60133898552,0,0
470,0.027592519728450268,0.7133261833882206,0.5088342439072053,2.1107514346119434,-2.531828445493788,0.7138596438041376,4.642579880105732,509.5955910521703,281.0,58.460793054218875,255508.54086683568,0,0
471,-0.03858206253685475,0.7102082192868334,0.5043957147425749,2.170220042629089,-2.226413749013991,0.7112554325220811,4.3966337916430795,505.8842902921727,166.0,66.20238161493566,253838.07603806898,0,0
472,-0.022334816470564983,0.7024187563670751,0.49339210929626837,2.2563123638741134,-2.3808208142720932,0.702773756854254,4.637133178146207,493.89095332304214,156.0,54.32229150343578,247198.28912179163,0,0
473,-0.004181642674193993,0.7112811080209748,0.5059208146275456,2.332206585304162,-2.160834207826228,0.7112933999152532,4.49304079313039,505.93830076300026,98.0,57.04740707173043,253871.68351764837,0,0
474,-0.032539899539754016,0.701308658593085,0.49183383461763225,2.049730581578007,-2.3809772524926824,0.7020631593237816,4.43070783407069,492.8926796796896,135.0,62.12569529104646,247121.59607196227,0,0
475,-0.04078895017705857,0.7037316390470921,0.4952382197959067,2.446845518182428,-2.248208619091401,0.7049127309479191,4.695054137273829,496.90195825245337,145.0,61.01039168511427,249421.62911326246,0,0
476,0.00274276614603078,0.7285025752560398,0.5307160021546818,2.4118673665883756,-2.2677545951649423,0.7285077384083258,4.679621961753318,530.7235249208137,301.0,76.12917584753697,265721.33161122457,0,0
477,0.004727590486028927,0.7337313548743198,0.5383617011257051,2.2771509899363536,-2.418542176690316,0.7337465851624175,4.69569316662667,538.3840512375089,130.0,53.59264940449981,269207.2980966175,0,0
478,-0.008871815412641265,0.6840951333373442,0.4679861514558388,2.061923697733261,-2.177897086591315,0.684152658815673,4.239820784324577,468.0648605645547,203.0,55.844809125737214,235358.63084557554,0,0
479,0.002570778629790853,0.7181577352789347,0.5157505327409684,2.8421585000345426,-2.076554233571163,0.7181623365533254,4.918712733605705,515.7571416437318,237.0,60.00241099517345,258252.6867151985,0,0
480,0.03639106620929586,0.6978920296003004,0.4870532849796266,2.4744289198825165,-2.549768920667913,0.6988401782092069,5.024197840550429,488.3775946794759,332.0,52.50720509385714,244878.6796577113,0,0
481,0.024870819866796155,0.7136158136841488,0.5092475295400898,2.1611778123420047,-2.142862910784576,0.7140490790001318,4.3040407231265805,509.8660872209365,354.0,58.732235267105864,255337.76633022126,0,0
482,-0.002142300466257053,0.6954944502272925,0.4837125302969639,1.8784798749964813,-2.136300766291703,0.6954977496356488,4.014780641288184,483.71711974825166,275.0,57.14865640911922,241981.0543413955,0,0
483,0.008777879398138849,0.7047260437648981,0.49663879676052514,2.248088726439183,-1.9428113840928496,0.7047807091055014,4.1909001105320325,496.71584792725344,206.0,55.75138904727124,248442.13845013705,0,0
484,0.020548590128898325,0.7154105183488675,0.5118122097641953,2.6133127616314225,-2.585112562715001,0.7157055639859736,5.198425324346424,512.2344543204806,120.0,62.05909547005018,256425.71730964156,0,0
485,-0.028526705355697672,0.7006933682263287,0.49097119627635744,1.8917947285102847,-2.536811600062827,0.7012738189857142,4.428606328573112,491.78496919480824,130.0,54.52956167559829,246479.73653325991,0,0
486,-0.01526364203728237,0.7299632120111236,0.5328462908895966,2.59373373305217,-2.193494619030149,0.7301227771120683,4.78722835208232,533.0792696578391,335.0,60.08238383532182,266833.9583096754,0,0
487,0.001678724340444239,0.7278968100634524,0.5298337661005498,2.1561209078122685,-2.1226272681859895,0.7278987458540926,4.278748175998258,529.836584215961,370.0,54.74194236926207,264925.0752802484,0,0
488,0.0012454520211875938,0.7068575491273135,0.4996475947582724,2.182731216739601,-2.6224138591886663,0.7068586463423995,4.805145075928268,499.64914590900946,164.0,57.72402117955304,249884.8388523031,0,0
489,-0.016666693154496016,0.6989655004058883,0.48855277075765385,2.3133145782514366,-2.3645412299428568,0.6991641791584863,4.677855808194293,488.83054941835996,339.0,61.93582283563431,244895.36773793265,0,0
490,-0.0011520703612856557,0.7171834326486493,0.5143520760656997,2.367342858375213,-2.16724491316061,0.7171843579804407,4.534587771535823,514.3534033318169,135.0,61.390316335400065,257559.9229998581,0,0
491,0.04009879924346001,0.722452724440239,0.5219379390511238,2.3196740652923413,-2.486646028787308,0.7235646845665501,4.806320094079649,523.5458527518912,78.0,56.25253036844647,262587.4381010821,0,0
492,-0.0493058418307573,0.7197591867510881,0.5180532869125877,2.1968627987071345,-2.12675539364334,0.7214460152715706,4.323618192350475,520.4843529512273,488.0,63.09264091788907,261496.6268635522,0,0
493,-0.01790270154042644,0.6769638317753918,0.45828002953202096,1.940086864746351,-2.1616784902110733,0.6772005140683715,4.101765354957424,458.60053625446653,269.0,54.71796259894256,229826.90447219176,0,0
494,-0.004815540263518879,0.7003419058803397,0.49047878513210663,2.626107588397444,-1.9965011837177664,0.7003584614753621,4.6226087721152105,490.5019745601362,351.0,76.39832428917222,245282.32994481974,0,0
495,0.026062875340500787,0.7189502821334822,0.5168895081798137,2.423903472359554,-2.264893217459115,0.7194225334605723,4.688796689818669,517.5687816508282,171.0,60.94509538537758,260625.52016707326,0,0
496,0.035679673412426616,0.7120293448140609,0.5069857878763407,2.617318588929013,-2.153057513542607,0.7129227356250873,4.77037610247162,508.25882697115816,94.0,58.93745847542665,254878.43304542152,0,0
497,0.01818790166110565,0.6997118638174076,0.48959669236683034,2.021231537661242,-2.3144363280353835,0.6999482067508026,4.335667865696625,489.9274921336644,177.0,52.55612910440686,245166.78580418634,0,0
498,-0.02503292491694868,0.6905382142628338,0.4768430253573034,2.26894201796097,-2.4583101355250334,0.6909918036324316,4.7272521534860035,477.46967268720095,159.0,55.78760986179344,239053.123491932,0,0
499,-0.05067552378122473,0.7090754318273341,0.5027879680211204,2.131032697725695,-2.177490745521491,0.7108839404091373,4.308523443247186,505.35597673162175,84.0,53.242677132478434,253969.0627554198,0,0
500,-0.03581677222443923,0.9872515668014591,0.9746656561519358,3.0964588258178924,-2.5717949149887893,0.9879010564446792,5.668253740806682,975.9484973245131,50.0,495.0386597119136,489023.9589044034,0,1
501,-0.012383448024051284,0.97097554235126,0.9427935038443236,3.2976952535127078,-2.540090467667947,0.9710545060032871,5.837785721180655,942.9468536292881,50.0,479.75551891085007,471619.8175347094,0,1
502,-4.856429125153561e-05,1.0282664943066349,1.0573319833136567,3.1524475869106467,-3.1989383490269163,1.0282664954534633,6.351385935937563,1057.3319856721473,50.0,504.4329578889197,529259.7058815926,0,1
503,0.018148959360161733,1.0150897461664081,1.0304071927721827,3.152932165995523,-2.925155228873572,1.0152519773425903,6.078087394869095,1030.7365774980397,50.0,506.14120418387006,516326.751923218,0,1
504,-0.0014209235680522588,0.9932604392717355,0.9865663002222809,3.0181768163099374,-3.2200681061746117,0.9932614556329401,6.238244922484549,986.5683192460671,50.0,499.9242341183676,493920.218956508,0,1
505,0.001698493043852694,1.00015078647883,1.0003015956942223,3.1537329314734883,-2.964463604830946,1.0001522286996327,6.118196536304435,1000.3044805728423,50.0,485.2247801953043,501534.79865575954,0,1
506,0.026213504304372727,1.0069563002425155,1.013960990598095,2.712811369720546,-2.9565355877023625,1.0072974428668082,5.669346957422908,1014.6481384060106,50.0,495.7276354559553,507676.0298570369,0,1
507,-0.01762242959019745,1.005156580070202,1.0103397504584244,3.2785395794976746,-2.7637763053404676,1.005311046633372,6.042315884838143,1010.6503004830857,50.0,505.1340321960398,506217.72686878545,0,1
508,-0.0464506667352321,0.9889759440685599,0.9780734179462993,2.9623531219860153,-2.7730647506204043,0.990066201012057,5.735417872606419,980.2310823864468,50.0,502.1120549975252,491208.84346769936,0,1
509,-0.01623415670920351,1.017875687560666,1.0360709153270986,2.904002353009358,-3.071541719245738,1.0180051390691296,5.975544072255095,1036.334463171158,50.0,515.9509790050297,519413.2737243797,0,1
510,-0.00422013844791137,0.9908136485953686,0.9817116862428665,2.8504103078654066,-3.2127160585229095,0.9908226358997789,6.063126366388316,981.729495811386,50.0,495.5501550309825,490948.10830143234,0,1
511,0.0041043629287231854,1.0320158242196813,1.065056661439828,3.5033437469506152,-3.640638062464336,1.032023985784671,7.143981809414951,1065.0735072348784,50.0,511.6007105550469,533484.0583838818,0,1
512,0.03857289186987413,1.0083110105804958,1.0166910940578606,3.690110228860016,-2.8132831225639165,1.009048542957704,6.503393351423933,1018.1789620450656,50.0,507.49465852119096,509837.28822233237,0,1
513,-0.005276908012874561,1.031771428861057,1.0645522814139876,3.073767368425958,-3.471577499493758,1.031784922923457,6.545344867919716,1064.580127172164,50.0,506.04479638878416,532482.4972939356,0,1
514,-0.027345979215899326,1.0339460835017467,1.069044503588601,3.006510565864918,-3.304541125317579,1.0343076458036444,6.311051691182497,1069.792306167877,50.0,518.0140012470633,535295.2058436638,0,1
515,0.01589574379406178,1.0053313158397792,1.0106910546081418,2.9694375755844873,-3.152499720468994,1.0054569753494718,6.121937296053481,1010.9437292789083,50.0,504.6385299294862,506192.9815374091,0,1
516,-0.003764650859283531,1.029158434861024,1.0591670840455927,3.2345846173730566,-3.369571035056649,1.0291653203648503,6.604155652429705,1059.181256641685,50.0,519.7352053361635,529713.0042193312,0,1
517,0.030446969089098275,1.0044327979401229,1.0088852455778237,2.953483409294763,-3.1779847387531976,1.0048941553738564,6.1314681480479605,1009.8122635045363,50.0,494.53704693745556,505563.3019206505,0,1
518,-0.02184176916346961,0.9896816684343442,0.9794698048349874,2.5524891374479557,-3.0065604278290303,0.9899226574410637,5.559049565276986,979.9468677151776,50.0,500.56031542063346,490367.71801846643,0,1
519,0.004469593903766341,0.9621140003187512,0.9256633496093498,2.9134788503280857,-2.5602195515061297,0.9621243822287294,5.473698401834215,925.6833268790143,50.0,482.87009224487423,462859.52582588996,0,1
520,-0.0245214363669122,0.9878109891111136,0.9757705502086768,2.813387303617829,-2.7764017107369097,0.9881153025078466,5.589789014354739,976.3718510501733,50.0,496.08420484604727,488518.62813519617,0,1
521,-0.027834573857847333,1.0055185190515112,1.0110674921555445,3.1765320275557993,-2.8308462988953673,1.00590370098603,6.007378326451167,1011.8422556573926,50.0,504.0053063426907,506327.97278536385,0,1
522,0.006544076384856036,0.9977857558529715,0.9955764145830855,3.2884240405021186,-2.651162608843467,0.9978072156077127,5.939586649345586,995.6192395188164,50.0,512.6905342824655,497831.7911989327,0,1
523,-0.008339288943001538,0.9667845938788627,0.9346724509615176,3.509888072354015,-3.1764760773759435,0.9668205597222229,6.686364149729958,934.7419947015924,50.0,487.6533785720958,467571.2620894239,0,1
524,0.009091315671680521,0.9897114524546176,0.9795287591198286,2.6759707286601646,-2.664489667856117,0.9897532071887772,5.340460396516281,979.6114111404706,50.0,497.94323258020523,489847.2011589778,0,1
525,-0.0254253387614331,0.998556314290625,0.9971147128096775,2.9276604090302363,-3.0089828622706194,0.9988799530778517,5.936643271300856,997.7611606608112,50.0,506.53231119275137,499492.0596416686,0,1
526,0.00971490419451289,0.9959725677073682,0.9919613556256082,3.190823167818737,-2.8783553505507524,0.996019947083951,6.0691785183694895,992.0557349891167,50.0,497.46219021754547,496245.44743760605,0,1
527,0.0193940978766832,1.000408094031226,1.0008163546031907,2.9883756656931117,-2.7554989737603917,1.0005960651709764,5.743874639453503,1001.1924856356411,50.0,522.2020432849292,500833.2868649383,0,1
528,0.015030722505303835,1.0332268414333112,1.067557705858257,2.69205089972608,-2.7570554338222175,1.0333361643130896,5.449106333548297,1067.7836284772884,50.0,527.6919262993275,534009.4679937009,0,1
529,0.0010030933155248788,1.015068573161497,1.0303642082201172,2.889622361697481,-2.6437226205596884,1.015069068791044,5.533344982257169,1030.365214416317,50.0,500.7867137609423,515198.41101553163,0,1
530,0.001708404645154335,0.97100458163877,0.9428498975634828,2.9410101865955935,-2.596911910337888,0.9710060845380498,5.537922096933482,942.8528162099144,50.0,481.45722731679814,471876.6978260049,0,1
531,0.04313107885024195,0.9890665178085177,0.9782525766498669,3.3344209084143905,-2.6180417044720503,0.9900064982678916,5.952462612886441,980.1128666126527,50.0,509.230746787045,491006.66017761524,0,1
532,-0.024716987616992533,1.0197732162833404,1.0399374126488687,2.503092701727697,-3.0142342301890364,1.0200727141364616,5.517326931916733,1040.5483421257272,50.0,521.6359250101327,520597.0741642722,0,1
533,-0.0031466770402107757,1.0009015459961226,1.001803904777428,2.7812155698335634,-2.535488826096672,1.0009064923127553,5.316704395930236,1001.8138063538235,50.0,511.05582683437797,501008.97765868774,0,1
534,-0.01687466545254518,0.9820340631063388,0.9643909011011447,2.7990493470243774,-2.6435283290571645,0.9821790343085521,5.442577676081542,964.6756554352801,50.0,500.90953831620124,482628.40913635417,0,1
535,-0.014779345392106388,1.0435235124854885,1.0889413211100516,3.0979841859169603,-2.975430738881766,1.0436281666188734,6.073414924798726,1089.1597501602707,50.0,524.768235835176,545227.3798032512,0,1
536,-0.03126034533549223,1.0157999602219905,1.0318495591869974,2.887571104393259,-2.995907249066393,1.0162808511319554,5.883478353459652,1032.8267683774916,50.0,497.879933570699,517758.00957777037,0,1
537,-0.00485097797346002,1.0014397264827195,1.0028815257777839,3.3159169586485344,-3.0125577098737133,1.0014514754919897,6.328474668522247,1002.905057765083,50.0,489.94694547820706,501556.2561819872,0,1
538,0.010584913152171211,1.0072573054289593,1.014567279340008,2.8517134811911267,-2.710239283252224,1.0073129204603937,5.561952764443351,1014.6793197264471,50.0,502.55039093560964,507979.1405651019,0,1
539,0.0022109031277654906,1.011604880263257,1.0233444337724384,2.790695134865913,-2.910420672349418,1.0116072962691989,5.701115807215331,1023.3493218650788,50.0,507.26166550547475,511735.75888439803,0,1
540,0.005876618020547396,1.0185704043341133,1.037485668585359,3.2338460964000144,-2.7762327055727534,1.0185873566978525,6.010078801972767,1037.5202032247184,50.0,520.88817174839,518858.6999139979,0,1
541,0.002382932500872972,1.000638573638847,1.001277555053986,2.739534987092443,-3.3929882849811004,1.000641411006605,6.132523272073543,1001.2832334212898,50.0,498.95145378942004,500646.41949154955,0,1
542,-7.612691412947292e-05,1.0221909230900013,1.0448742832475888,2.723502074508479,-3.282780881669697,1.022190925924749,6.006282956178175,1044.8742890428957,50.0,512.2798259212472,523334.3835492691,0,1
543,0.029353431190623464,0.9773654931694344,0.9552433072383317,2.927032543188213,-2.750667308608625,0.9778061828199872,5.677699851796838,956.1049311609943,50.0,481.91777371640575,478515.95681141707,0,1
544,-0.002013551923066224,1.025345462611278,1.0513333176975357,3.203027113405916,-3.231712842255355,1.025347439694898,6.434739955661271,1051.3373720888826,50.0,505.3578325236269,525704.8473447567,0,1
545,0.024078142117136773,0.996062450663547,0.9921404056218711,2.5304083743765813,-2.994758622497119,0.9963534325477501,5.5251669968737005,992.7201625496841,50.0,503.09786363866795,496661.64066205185,0,1
546,0.02912936759876767,1.0216418485658385,1.0437520667410238,2.978803365433897,-2.7705041183596197,1.0220570369591553,5.749307483793517,1044.6005867977278,50.0,522.5050525417572,522728.816010621,0,1
547,-0.036684873884701014,0.9862383404937799,0.972666064259925,2.6701450087155525,-3.0416678705181113,0.9869203839377629,5.711812879233664,974.0118442318615,50.0,484.9080489896252,487900.43837534817,0,1
548,-0.026458372452023662,0.9872870117333106,0.97473564353729,2.9458890388792938,-2.863488868037474,0.9876414779716878,5.809377906916768,975.4356890101,50.0,497.0116048533592,488133.85127831466,0,1
549,0.009531822828439758,1.0102202099913415,1.0205448726749502,3.8878530079515436,-2.6054007807329675,1.0102651772289208,6.493253788684511,1020.635728321383,50.0,502.69807332258773,510511.4130246821,0,1
550,-0.017003183893998616,1.00706756983869,1.0141850902208047,3.0770280211606917,-2.9993278587514185,1.0072110992653613,6.076355879912111,1014.4741984833377,50.0,496.36637239986067,507651.5744143661,0,1
551,0.04466737581242945,1.0171956271707703,1.0346869439353368,2.8330355694928375,-3.008630686227125,1.0181758779294003,5.841666255719963,1036.6821183973052,50.0,504.86819417765804,519960.49250174384,0,1
552,0.002261877399165037,0.9752075046792574,0.951029677182744,3.123636004198377,-2.613487235474791,0.9752101277530463,5.737123239673168,951.0347932721129,50.0,483.55121767935316,475542.2451599268,0,1
553,-0.010420069762003829,1.0155348383910048,1.0313110079858443,2.984825495852114,-2.6968683964535516,1.0155882954424442,5.681693892305665,1031.4195858396893,50.0,499.54673979438485,515806.5840834678,0,1
554,-0.024271092489758426,0.9883131431564245,0.9767628689357312,2.685067975713764,-2.8330951317694377,0.9886111241870473,5.518163107483202,977.3519548663776,50.0,483.01075933646206,488979.76670212764,0,1
555,0.04229273413054553,0.9809587700220235,0.9622801084831212,3.0774754508642297,-2.918177123466598,0.9818700442743725,5.995652574330828,964.0687838433582,50.0,499.9465949739918,484029.6395641934,0,1
556,-0.06826405613604666,1.029578007070029,1.0600308726422931,2.753581032018136,-2.9165253261720347,1.0318385794311231,5.670106358190171,1064.6908540024383,50.0,533.8480707648466,534700.7721570849,0,1
557,0.012881126348130621,1.006135123411266,1.0123078865618036,2.9615769111684163,-2.744003100106612,1.0062175758640872,5.705580011275028,1012.4738099778001,50.0,499.6410128924441,506515.7402909205,0,1
558,-0.024458915903984697,1.0381639102900215,1.077784304628668,2.744139955561537,-3.0383097753412116,1.0384519936886183,5.782449730902749,1078.3825431958662,50.0,508.8263306036343,540302.6635585779,0,1
559,-0.013956457834921726,0.9802038657123471,0.9607996183574289,3.337502340294926,-2.487937410645456,0.980303218944387,5.825439750940382,960.9944010727268,50.0,481.65500093849255,480984.4800187507,0,1
560,0.00902491874182155,0.9696814511220783,0.9402821166502194,2.633154746348243,-3.110357310432366,0.9697234481069931,5.7435120567806095,940.363565808516,50.0,487.3631710762689,470289.65394114016,0,1
561,0.007342945745647567,0.9798067336568577,0.9600212353193204,2.76253573810689,-2.9519117106570043,0.9798342483152667,5.714447448763894,960.0751541715437,50.0,494.91066435590983,481037.42548302887,0,1
562,-0.009453138128346595,1.0060518346269667,1.0121402939562856,2.730818441774371,-2.807584418876405,1.006096245782062,5.538402860650776,1012.2296557767593,50.0,504.6210937934337,506160.10718291026,0,1
563,0.031662771500114706,1.026845401260134,1.0544114780890856,3.002151541146574,-2.5394776393753076,1.0273334459600516,5.541629180521881,1055.414009188154,50.0,505.5779765403508,528233.5387348781,0,1
564,0.02975412644594736,0.9887239083277676,0.9775749668989356,2.693200564098408,-3.0138064087481675,0.9891715093650327,5.7070069728465755,978.4602749394969,50.0,477.55413696587397,490261.5556605589,0,1
565,-0.009297313175533369,1.0025847560150378,1.005176192993733,2.726427275359474,-2.8225351731311203,1.00262786367925,5.548962448490594,1005.262633026017,50.0,505.95070104386855,502827.51443636173,0,1
566,0.010859371489262717,1.0108957010712611,1.0219101184443564,2.639747958015359,-3.0977390436793897,1.010954026844692,5.737487001694749,1022.0280443934982,50.0,491.79463677145486,511074.3474502241,0,1
567,0.005283699346963313,1.0100629778589494,1.0202272192412887,2.8842804852505988,-2.822266406354748,1.0100767974367484,5.706546891605347,1020.2551367200778,50.0,503.20300310244806,510317.3263910635,0,1
568,0.016586499176956728,1.0022913238672568,1.0045878978995781,3.1296592674987345,-3.1922325596965226,1.0024285559851762,6.321891827195257,1004.8630098545257,50.0,498.795713738943,502640.423120165,0,1
569,0.009891299763808094,0.9907184802357124,0.9815231070805597,3.4464314732655663,-2.95743386982818,0.9907678562062746,6.403865343093747,981.6209448915772,50.0,509.1044757495417,491077.08562966064,0,1
570,0.02819492919503643,0.9837103092137559,0.9676859724534234,3.0998865093388708,-3.1819241095654545,0.9841142852767337,6.281810618904325,968.4809264857365,50.0,489.9379444179668,484794.70607537177,0,1
571,-0.024955307010517548,1.023699254969669,1.0479601646254557,3.1518796363185264,-3.168301961560634,1.0240033847470646,6.32018159787916,1048.5829319734448,50.0,515.7251863429722,524686.8755523638,0,1
572,-0.02312106312330125,0.9797441625586224,0.9598986240676962,2.8284002392848926,-2.6181802104597702,0.9800169425207137,5.446580449744663,960.4332076276479,50.0,480.2713049013765,480633.66901759396,0,1
573,0.007582812509350445,1.0225037434277808,1.045513905323825,2.829963687582505,-2.7768217865591267,1.0225318598309672,5.606785474141631,1045.571404369377,50.0,511.55100406072313,523167.2436921156,0,1
574,0.007856205722392534,0.99456626954753,0.9891620645216902,2.657820705056549,-2.7484312566032547,0.9945972976486728,5.4062519616598035,989.2237844900427,50.0,498.3683304134925,494674.31700398657,0,1
575,-0.012864466435041568,1.0016592001498337,1.0033211532448048,3.0236325762706127,-2.8824087814809793,1.0017418069250494,5.906041357751592,1003.486647741463,50.0,500.64719231079545,503773.79681996326,0,1
576,-0.0014722016881144899,0.9955421447911542,0.9911041620553714,3.201653612405475,-2.6236186308678717,0.9955432333320248,5.825272243273346,991.1063294331822,50.0,511.10066244121515,495836.73153799615,0,1
577,-0.013613179469921547,0.9946256749785566,0.9892802333265494,2.680525869656549,-2.6523679889716183,0.994718830615883,5.332893858628167,989.4655519818298,50.0,493.47983434264853,496097.94018004544,0,1
578,-0.012037326212513303,0.9826150804844225,0.9655323963954081,3.0797713377001266,-3.27357208400951,0.9826888081268426,6.353343421709637,965.6772936177545,50.0,495.6635165448762,482944.78816612693,0,1
579,-0.03866653500680646,1.0016504277880467,1.0033035794879768,2.5054569328892864,-2.6407206762890576,1.0023964686776432,5.146177609178344,1004.7986804174094,50.0,494.24782804840464,503452.58045755385,0,1
580,-0.004889637088366001,1.013510254579153,1.0272030361370996,3.460713354267021,-3.1718767377161994,1.0135220494335362,6.632590091983221,1027.2269446879554,50.0,507.1430171034629,513817.31865438336,0,1
581,-0.03411260429029751,0.9907007941464279,0.9814880635223628,2.9948690859995235,-2.8541482727375493,0.9912879164469974,5.849017358737073,982.6517332938294,50.0,487.1615121950424,491925.1190117937,0,1
582,-0.006686233287375198,1.0117957445739916,1.0237306287380379,3.235571333535297,-2.6900405565512546,1.0118178365959019,5.925611890086552,1023.7753344536111,50.0,509.44528842937945,511941.10614775796,0,1
583,0.005898335684069429,1.022772658361034,1.0460639106908964,3.0938160844821465,-3.0303742663633946,1.0227896660871865,6.1241903508455415,1046.0987010547383,50.0,507.02549754592565,523711.5804022872,0,1
584,-0.007114121726002418,0.9973391523907116,0.994685384891423,3.046367711515866,-2.969088992338598,0.9973645249452958,6.015456703854464,994.7359956193555,50.0,507.10038487310294,498142.59603562416,0,1
585,-0.0017475834434505658,0.9733500982934803,0.9474104138479278,3.0464522007926713,-2.834425402957329,0.9733516671254124,5.88087760375,947.4134678958196,50.0,469.047201262384,473804.05654349335,0,1
586,0.00409467236263556,0.9951068040726867,0.9902375515117565,2.773865534243593,-3.620742154044483,0.9951152284301119,6.394607688288076,990.2543178535138,50.0,498.6552737794242,495176.322217085,0,1
587,-0.0025759766619195402,0.9696629804575787,0.9402462956698746,3.2461609390727526,-2.616249588043143,0.9696664020814774,5.8624105271158955,940.2529313256373,50.0,474.6621278757874,470170.8633103977,0,1
588,-0.019362200411735843,0.9771273524125068,0.9547778628326753,2.7371292640679474,-2.954359358374981,0.9773191687659972,5.691488622442929,955.1527576374597,50.0,488.72763729166013,478061.73048794677,0,1
589,0.0032142085589104,0.9986426356636465,0.9972871137652347,3.226851702941187,-3.1171879632084685,0.998647808239669,6.344039666149655,997.2974449018949,50.0,489.98150951995075,499121.76861506514,0,1
590,-0.004425314151376903,0.9763842648278014,0.9533262326033262,2.889439998977421,-3.399749879853511,0.9763942933101691,6.289189878830932,953.3458160086645,50.0,484.4025153654066,476695.97672105767,0,1
591,-0.015392300293035729,1.0049193318739233,1.0098628635739326,2.9041767614982374,-2.676900293168853,1.0050372065163775,5.581077054667091,1010.0997864822438,50.0,501.288766634613,505627.78632531536,0,1
592,-0.010241644224057574,1.0195372513652858,1.0394562069214819,3.1432021846450398,-3.0678101532275504,1.0195886906973293,6.2110123378725905,1039.561098197894,50.0,522.5048551654154,521119.0501184593,0,1
593,-0.0025883721679991786,1.0003739313806634,1.0007480025860043,2.7330805227774446,-2.824494631775777,1.0003772799581587,5.557575154553222,1000.7547022564844,50.0,496.2570539513107,500394.0421223857,0,1
594,0.0020459074609108017,0.9897469372291123,0.9795989997544085,2.9516342077860425,-2.7539998497931464,0.9897490517761293,5.705634057579189,979.603185491747,50.0,492.07996031693125,489833.47219319094,0,1
595,0.026413773844517034,0.9847863836476344,0.9698042214177858,3.2528919036620683,-3.3961727400770276,0.9851405528484223,6.649064643739096,970.5019088664951,50.0,494.0955714248988,485992.97571671277,0,1
596,0.01892263698214448,0.9888800922934823,0.9778838369343661,3.282680801042926,-2.4140706257981908,0.9890611220368154,5.696751426841116,978.2419031247241,50.0,496.29786138054794,489362.5894059341,0,1
597,-0.014358640635421433,1.0228478084919608,1.0462176393368068,2.7900277980958825,-2.6991534823272296,1.0229485861458063,5.489181280423113,1046.423809897704,50.0,520.012425029592,523642.0119095456,0,1
598,-0.0023583556456347418,0.9887111787827383,0.9775497950499518,3.0366847522950597,-3.3081253513390703,0.9887139914511693,6.34481010363413,977.555356891303,50.0,485.90665807165436,488792.90492646897,0,1
599,0.01114901458116427,0.9888686278189409,0.9778611630845151,3.097492830630438,-2.8746869495269936,0.9889314756901239,5.972179780157432,977.985463610646,50.0,496.1810826499896,489071.25108748156,0,1
600,-0.029772269654298827,1.2157084377031844,1.4779470055027173,3.655173410798366,-4.426638054045771,1.2160729392364116,8.081811464844137,1478.8333935430853,98.0,94.07851696518361,740104.4070113159,-5,0
601,-0.09348992453209524,1.2809466938369318,1.6408244324517665,4.192973052640636,-4.132678011250385,1.284353844717562,8.325651063891021,1649.5647984407833,106.0,96.28556906984615,829262.7400932679,-5,0
602,0.016501618421429817,1.2598935688825508,1.587331804911611,3.5658174426637452,-4.5903990149542215,1.2600016302855077,8.156216457617967,1587.604108322137,105.0,101.12321508993823,794363.271800991,-5,0
603,-0.012430077682056983,1.2802120818815752,1.6389429745955568,3.9934060245486145,-4.091512394927009,1.2802724246920023,8.084918419475624,1639.0974814267386,157.0,98.65402737924909,821161.791175846,-5,0
604,0.04596363226280766,1.2621029334580667,1.592903814643457,3.55547441133829,-3.9975989776029692,1.2629396146032668,7.553073388941259,1595.0164701342478,84.0,118.71520088393203,799739.5389720594,-5,0
605,0.11749056024821763,1.2372914299715798,1.5308900826811167,4.909097195744548,-3.5844245021907173,1.2428572381526999,8.493521697935265,1544.694114428557,3.0,89.17827436198925,780715.3110849748,-5,0
606,-0.08678917045575599,1.275445969717653,1.6267624216690042,3.86357611980484,-4.901861814442574,1.2783953933652148,8.765437934247414,1634.2947817774025,392.0,110.89895746696108,821201.386448402,-5,0
607,-0.06329618612136442,1.2637108667886328,1.5969651548396777,4.042622441083305,-4.910248135465592,1.2652950493925077,8.952870576548897,1600.9715620171883,403.0,92.32919961641335,804785.7924766112,-5,0
608,-0.020668716588981693,1.2454767910629563,1.551212437076479,3.598412204537212,-4.089871474966715,1.2456482781756313,7.688283679503927,1551.6396329219147,480.0,97.72132735986645,776087.9126408219,-5,0
609,-0.06718556121107548,1.2424535876234875,1.543690917398475,3.9691528877364206,-4.749255154087743,1.2442687880975405,8.718408041824164,1548.204817033722,132.0,97.34465237852041,779670.190806404,-5,0
610,0.0577786102785322,1.2592113868586425,1.585613316794466,3.8402598929628953,-3.603064993882203,1.2605362686571873,7.443324886845098,1588.9516846001843,66.0,92.48876137321847,796287.2301444246,-5,0
611,-0.0075896301242181505,1.2260988099478307,1.5033182917554868,4.193403969200597,-4.132379420008687,1.2261222998709833,8.325783389209285,1503.3758942409095,352.0,96.21944957569451,753602.4251279847,-5,0
612,0.02224280417504626,1.2343026684658782,1.5235030773819875,3.804345138056768,-4.261595756324329,1.2345030659012384,8.065940894381097,1523.9978197195571,310.0,84.52906092899309,762246.283311998,-5,0
613,0.07428308066866163,1.2642708206499937,1.5983807079470087,5.112439245705548,-3.7215831976205043,1.2664512165972426,8.834022443326052,1603.8986840206358,85.0,94.85488781662588,804905.9147566248,-5,0
614,-0.056694148695760796,1.2458395225624221,1.552116115978564,3.7912316283949234,-3.697220280527508,1.247128839565063,7.488451908922432,1555.3303424749006,96.0,95.28873247144541,779342.2603097055,-5,0
615,0.035727772866451186,1.2189752880898144,1.485900752973646,4.127418188039841,-3.858528597446451,1.219498760445308,7.985946785486292,1487.1772267276428,76.0,86.1310368937065,745127.5107387017,-5,0
616,0.10995203798412481,1.2755739904761316,1.6270890051792022,4.792350163221652,-3.4462733353688106,1.2803040481995145,8.238623498590464,1639.1784558360646,89.0,119.18310574293204,825710.0701833662,-5,0
617,-0.015401773193916198,1.2668879910272555,1.6050051818090751,4.253987749477451,-3.2550350833732,1.2669816085589372,7.5090228328506505,1605.2423964265918,408.0,101.64302059535059,802967.2517417015,-5,0
618,0.08043372531954014,1.2658124132514539,1.6022810655414694,3.749077905591496,-4.103902006329991,1.2683653455177055,7.852979911921487,1608.7506497102486,127.0,99.90348923085098,808954.2563955472,-5,0
619,-0.0005157584330124471,1.1963862707861437,1.431340108925576,3.8441337244491764,-3.4799480797357054,1.1963863819570737,7.324081804184882,1431.3403749323372,68.0,99.50299666974134,716398.4202718696,-5,0
620,-0.0062055450760429235,1.2180863139149092,1.4837342681468104,3.785605386860663,-5.049486080374685,1.218102120898121,8.835091467235348,1483.772776936501,200.0,81.42772033233616,743403.111665966,-5,0
621,-0.07858194478296827,1.2486764172643354,1.559192795032097,4.934096232893595,-3.817335797692998,1.2511466409170313,8.751432030586592,1565.3679170779706,114.0,96.17198669844407,786539.9012241276,-5,0
622,-0.04506055964111692,1.263994821330488,1.5976829083502921,3.62476668586615,-3.859303558159503,1.2647977555267336,7.484070244025653,1599.713362385463,338.0,121.45989052115507,801306.9746767124,-5,0
623,0.0007921289045469137,1.2591398523776,1.5854331678454847,4.773517046964794,-3.9607489978804105,1.259140101542988,8.734266044845205,1585.433795313686,489.0,100.27377705211286,792894.9088944504,-5,0
624,0.01977168333099537,1.274279351209015,1.6237878649176678,3.9221560564462288,-3.6427463298539093,1.2744327304253484,7.564902386300139,1624.1787843794089,417.0,97.27789291395382,812972.6010112963,-5,0
625,-0.01317290309590356,1.2295803658705209,1.511867876134284,3.7294510916181243,-3.7461282965567664,1.2296509266902775,7.475579388174891,1512.0414015102583,383.0,95.3311988211292,756208.3139457759,-5,0
626,-0.07890106528983919,1.2522218727661407,1.5680596186339408,4.020641609584619,-4.286145655598953,1.254705143345564,8.306787265183573,1574.2849967378124,15.0,90.62959988225182,791686.2440486555,-5,0
627,0.05909330539677583,1.2824038712555952,1.6445596890113374,3.86148082174969,-4.392115019328133,1.2837646621379069,8.253595841077823,1648.051707754054,387.0,102.48889108407714,825948.1456072616,-5,0
628,0.010495551119564132,1.3010674363526065,1.6927764739371436,4.6973843309149155,-4.257271943205858,1.3011097688244628,8.954656274120772,1692.8866305304473,431.0,118.23946003292708,846730.2054795481,-5,0
629,0.05763187607894254,1.245672429131665,1.5516998006987828,3.8918372584682532,-3.4681756470066154,1.2470049052987568,7.360012905474869,1555.0212338391616,105.0,116.23960877309263,779616.9645338543,-5,0
630,0.04158761185971242,1.3234827844368027,1.7516066807005926,4.054130271271259,-5.267683214113942,1.3241360240401236,9.3218134853852,1753.3362101607868,455.0,96.75144140633127,877575.5847525175,-5,0
631,0.05612036024699673,1.2454621988972485,1.5511760888819695,4.704759812553475,-3.5845219458806667,1.2467259457139015,8.289281758434143,1554.3255837162221,477.0,107.3357648457324,779366.3819005861,-5,0
632,0.057221768688375266,1.2360002163264032,1.5276965347589158,4.414482583016439,-4.161302555529572,1.2373240745943406,8.57578513854601,1530.9708655707414,37.0,98.86105331361627,767235.9477391344,-5,0
633,-0.02255900666831266,1.2285543494841362,1.5093457896363889,4.63635507974272,-3.4605154922706642,1.228761448946967,8.096870572013383,1509.8546984182497,198.0,94.14602762165185,757015.0953096568,-5,0
634,0.02017718929974335,1.2557440978570145,1.5768932393027273,3.705589516962549,-4.479214546397478,1.2559061900758215,8.184804063360026,1577.3003582707652,98.0,103.13169034018419,789020.6622082228,-5,0
635,0.006621273409376446,1.274101826732989,1.6233354648843397,5.692129396335734,-3.5484960535525962,1.2741190313883164,9.24062544988833,1623.3793061459014,360.0,104.29567760698023,813318.8369094913,-5,0
636,0.04968506375082764,1.2490699190613697,1.5601756627039765,5.035611267275186,-4.919225413217532,1.2500577059735685,9.954836680492718,1562.6442682639004,97.0,87.63405665602747,782699.4331397188,-5,0
637,-0.07992437893416668,1.2764502558435324,1.6293252556430193,3.749468843816894,-4.133471053955191,1.2789500232577626,7.882939897772085,1635.7131619910315,365.0,92.47276970818602,823780.4769667146,-5,0
638,-0.05818222542299874,1.2724595667057554,1.619153348900999,4.478765904661697,-3.9546110051769783,1.273789040719134,8.433376909838675,1622.5385202561715,395.0,104.935642385602,813083.9563446706,-5,0
639,0.03378418942012637,1.3268960944280845,1.7606532454085044,3.7768382395854903,-3.8500851761623807,1.3273261154905676,7.626923415747871,1761.7946168632793,81.0,125.57790466944353,883067.587117457,-5,0
640,-0.020851226800065098,1.2543113514692845,1.5732969664247032,4.328893737453892,-3.7269845861110897,1.254484651194972,8.055878323564981,1573.731740083771,57.0,99.75357955648114,787086.1031964516,-5,0
641,-0.054557073805542596,1.2177181362415972,1.4828374593317093,4.04748119178824,-3.739228670345801,1.2189396759618307,7.786709862134041,1485.8139336339327,92.0,125.30777658874071,744705.767392735,-5,0
642,0.014590070038678621,1.231223062328827,1.5159102292103743,3.7843475973470935,-3.7037919223742786,1.2313095059139711,7.488139519721372,1516.1230993541078,42.0,110.9517628857737,760941.0099937068,-5,0
643,0.033631298582572994,1.231191276263124,1.5158319587464202,4.0935389963369575,-3.9888200778358813,1.2316505279464505,8.082359074172839,1516.9630229907702,253.0,109.45875482384034,759049.0504822575,-5,0
644,-0.014649827140780147,1.2808487563361342,1.6405735366078216,4.0322467912803885,-4.3301670933027205,1.2809325329786405,8.362413884583109,1640.7881540430762,426.0,95.1427169828914,820771.0515734579,-5,0
645,-0.03523664048323997,1.266125137014353,1.6030728625796138,3.758377194941653,-4.058138148678401,1.2666153652203018,7.816515343620054,1604.3144834121586,149.0,103.83879193833538,802998.9641667154,-5,0
646,-0.03365441736204956,1.2919152599695551,1.6690450389422034,3.460632241277167,-4.5174055589004904,1.2923535347381467,7.978037800177658,1670.1776587501822,312.0,100.50033501411848,836977.8629546884,-5,0
647,-0.008146468427002566,1.2665642968107513,1.6041851179557132,3.758386060532003,-3.8726287081075843,1.2665904953470737,7.631014768639588,1604.2514829035454,10.0,117.36837828536729,802181.7499424925,-5,0
648,-0.007459579090910665,1.199885064575429,1.4397241681911819,3.522360326333843,-4.012273113202805,1.1999082521223843,7.534633439536648,1439.7798135113956,44.0,93.06384444069182,719958.2130803736,-5,0
649,0.03151954196009455,1.2648394963970027,1.5998189516458232,4.076355771738931,-3.6783954282464206,1.2652321657194767,7.754751199985352,1600.8124331711974,262.0,102.11660802244651,801583.9097498773,-5,0
650,-0.009243638591668192,1.2989087081270436,1.6871638320482651,3.5370530504986477,-4.117367463958742,1.2989415987267012,7.6544205144573905,1687.2492769026787,40.0,108.6465474076374,844310.8125242735,-5,0
651,0.06299072981421708,1.2450152375365298,1.5500629416981417,3.3436916746925793,-4.1847649139106915,1.2466077064340126,7.528456588603271,1554.0307737406695,66.0,93.95686371094357,780061.0553216493,-5,0
652,0.03825170850764937,1.2142049581478285,1.47429368039077,4.141449034536163,-3.66699200963552,1.2148073401138653,7.808441044171683,1475.7568735945242,420.0,99.33364996551607,738964.4227205572,-5,0
653,-0.00803966171207986,1.2592538682224452,1.5857203046331914,3.9272109944518467,-3.424906689573838,1.2592795324286168,7.352117684025685,1585.784940793636,269.0,95.4259175554636,793056.560782148,-5,0
654,-0.008382709929420792,1.2852571889756637,1.651886041813625,4.017280984288266,-5.428764476053344,1.2852845255582073,9.44604546034161,1651.9563116393858,334.0,108.70243502867706,826110.4144598886,-5,0
655,0.006360941880258316,1.234735608013196,1.5245720216957166,4.880842511828781,-4.992274170525984,1.2347519926192954,9.873116682354764,1524.6124832773207,238.0,97.38302956367734,765830.6676507773,-5,0
656,0.0260511244909984,1.3573644563138128,1.8424382672640922,4.8864418607378735,-4.174582344330446,1.3576144255094442,9.06102420506832,1843.116928351338,495.0,120.87039741523334,921927.3791322259,-5,0
657,-0.018588581733171322,1.2882890840189707,1.6596887640024387,4.259284771211031,-3.791816674881638,1.2884231833420607,8.05110144609267,1660.0342993732895,120.0,124.69799277510567,830348.0069510015,-5,0
658,0.031556639069072905,1.25826088805462,1.583220462408001,4.241785604191995,-4.518090820639286,1.2586565392819986,8.759876424831281,1584.216283877337,337.0,102.02720498313445,792920.1901474788,-5,0
659,0.01713957033061157,1.2865838296653387,1.655297950756329,3.367750980963209,-3.9370336983498224,1.286697989283984,7.304784679313031,1655.5917156274472,456.0,93.77150482442839,828981.0392760972,-5,0
660,0.028400338499945412,1.2562210445129025,1.578091312677088,3.765845841851599,-3.695620381486646,1.2565420374599487,7.461466223338245,1578.8978919039992,386.0,96.12900655233895,790458.0953076326,-5,0
661,0.04716450088858529,1.2452260864932962,1.5505880064834099,4.456862460509554,-3.4712129921599137,1.2461189737049505,7.928075452669468,1552.812496627479,219.0,108.55631997787005,779014.2054381868,-5,0
662,-0.018367655910859093,1.2559091712605523,1.5773078464563677,4.356957431003947,-4.8490877537782735,1.2560434774481446,9.20604518478222,1577.6452172400277,431.0,96.24184474715275,789937.6388115806,-5,0
663,-0.01944771307184706,1.2583279758722092,1.5833892948626513,3.730914985575455,-4.0674570031689194,1.2584782510660946,7.798371988744375,1583.767508406376,33.0,121.65351884450162,794598.9645173079,-5,0
664,-0.045512866017111395,1.268311538336496,1.6086141582774889,3.781138025422039,-4.035684360689753,1.2691278813620714,7.816822386111792,1610.6855792505803,99.0,113.45673382802089,807130.38452692,-5,0
665,-0.041140417571137136,1.2653476658221003,1.601104715401438,5.421532837312069,-4.065764102298815,1.2660162911113606,9.487296939610884,1602.7972493593657,307.0,102.59433346453164,802485.9370897042,-5,0
666,0.025158365116528098,1.228032825471381,1.5080646204352233,3.7468920194590067,-3.3932974348967013,1.2282905046325807,7.140189454355708,1508.6975637705598,266.0,100.00826957135554,755359.5050883116,-5,0
667,0.06001383459493387,1.2559158758826678,1.577324687294129,4.198556823879266,-3.75546977828048,1.2573489363088184,7.954026602159746,1580.926347636917,113.0,96.4879295660187,792321.6809071248,-5,0
668,0.01795972105179572,1.235343867098138,1.5260744699769822,3.55643378728624,-3.995474429178097,1.235474411534792,7.551908216464337,1526.3970215572406,367.0,91.04267060792735,763670.2935728645,-5,0
669,0.023724350395633947,1.2526304561434838,1.5690830596582324,4.7987390450714065,-3.8441183323368286,1.252855101142956,8.642857377408236,1569.645904459927,14.0,94.35495504133107,785131.22839504,-5,0
670,-0.023511818030214408,1.204873042855173,1.451719049399084,4.037840807947742,-3.313586522733379,1.205102425101771,7.351427330681121,1452.2718549861697,104.0,86.60523521049332,726851.6011220617,-5,0
671,-0.06221770004247393,1.2129436330562058,1.4712322569715877,4.277160032428706,-4.527885710735925,1.2145383069998914,8.80504574316463,1475.1032991701627,175.0,114.45367407792543,739504.9031292954,-5,0
672,-0.006339427735218647,1.260593364723906,1.5890956311859386,4.104160536344064,-3.347016524521248,1.2606093048720324,7.451177060865312,1589.1358195299488,330.0,96.90389949924078,794638.756872848,-5,0
673,0.0401866002035317,1.2194553690253835,1.4870713970448346,3.499069192249124,-4.555606565771361,1.220117354962527,8.054675758020485,1488.6863598807531,354.0,101.71900958091499,748741.6155579096,-5,0
674,-0.009436670441144551,1.2646841380152611,1.5994259689474042,4.683711669678823,-4.7619603194269455,1.2647193442406182,9.445671989105769,1599.515019696419,221.0,105.6344729669374,800735.8552199432,-5,0
675,0.053502597272984245,1.1639602709605568,1.354803512374573,4.372877037201153,-4.624551920244279,1.1651892723028,8.997428957445432,1357.6660402895284,101.0,102.33067166353375,680582.4200014458,-5,0
676,0.059563148163093584,1.2289268836380327,1.5102612853282866,4.304819971924193,-3.414598956346083,1.230369478631271,7.719418928270276,1513.8090539473856,301.0,107.12514120706564,758680.5072451597,-5,0
677,0.06070684612580647,1.2180239968655422,1.4835824569403104,3.9726408817693177,-3.9121307590084635,1.2195358863546628,7.884771640777782,1487.2677781068528,106.0,121.40525093819046,745571.2546873172,-5,0
678,-0.0010593189295158396,1.2553987442819141,1.5760260071446068,4.2736505680195975,-4.122375643152221,1.2553991912141738,8.396026211171819,1576.0271293012013,222.0,127.3799580675432,788964.5453393243,-5,0
679,-0.08999297290599825,1.2991708306347496,1.687844847172185,4.436261671679212,-3.9293672134479123,1.3022839868264697,8.365628885127125,1695.9435823446447,135.0,119.46957041645376,853749.3037482395,-5,0
680,0.027910580513372644,1.234524703979028,1.5240512447345063,3.8266869562703527,-3.277418204116877,1.2348401699163742,7.104105160387229,1524.8302452391,113.0,113.87706794784474,763467.636954441,-5,0
681,-0.006579026226274152,1.2947137386537895,1.6762836650588733,3.8261383483859057,-4.448124896011734,1.29473045405017,8.27426324439764,1676.3269486449594,185.0,105.88417002037832,838320.4132451201,-5,0
682,0.04016268064267009,1.280585645652652,1.6398995958516198,4.2801512895005684,-4.066371427220581,1.2812152968053516,8.34652271672115,1641.512636768025,299.0,94.6680566651034,823845.1756356794,-5,0
683,0.011262631767129086,1.2523699194332736,1.568430415101304,3.9291955232935134,-3.724704273547421,1.25242056114375,7.653899796840935,1568.5572619756258,147.0,114.6721540864881,784909.1048395007,-5,0
684,0.06988979893101499,1.2166462044095567,1.4802279867041808,3.8259920577616686,-3.838254000145507,1.2186519481372844,7.664246057907176,1485.1125706987984,225.0,87.11655794637936,745200.4813596278,-5,0
685,0.020935040787423705,1.2676528184400004,1.6069436680988765,3.7932764095439384,-4.063274091285088,1.2678256757266149,7.856550500829027,1607.3819440316474,436.0,108.01606629825156,804126.3122672895,-5,0
686,-0.03887278506486567,1.2531650967641554,1.570422759747915,4.033649126262802,-3.9028162377043665,1.2537678625513633,7.936465363967168,1571.9338531666142,235.0,100.78097489401503,787772.2846132899,-5,0
687,0.0058858918414110735,1.258898710589754,1.584825963524545,3.4609034796544957,-3.6407274814403476,1.2589124700499688,7.101630961094843,1584.8606072473137,119.0,107.24476122125687,792473.4853880741,-5,0
688,-0.060099964608528206,1.2692393742653012,1.6109685891853733,3.7153916629511383,-3.714438340249592,1.2706614792820783,7.42983000320073,1614.5805949313196,278.0,105.43029236212185,809736.7471407546,-5,0
689,0.011505560625107863,1.2385692781992383,1.5340538568989823,3.629241267864442,-3.7385294008229035,1.2386227169014303,7.367770668687346,1534.1862348242807,358.0,101.09550135338715,769202.5717027055,-5,0
690,-0.004967354055568905,1.2886035739895276,1.660499170898584,4.188682563487095,-4.059502012355846,1.2886131481188983,8.248184575842942,1660.5238455048975,142.0,87.75036824410093,830777.9194238526,-5,0
691,0.059259883923270584,1.2406132030285582,1.5391211195287784,4.033866418079492,-4.221941866776163,1.2420277184392374,8.255808284855654,1542.6328533713777,334.0,102.11144959579102,774132.2475266181,-5,0
692,-0.045003211011430094,1.2965295413080191,1.6809888514843825,4.418323770722284,-3.5938512531797207,1.2973103485618704,8.012175023902005,1683.0141404857218,207.0,109.86543270198685,842547.716959242,-5,0
693,-0.03312044682936703,1.278658886554972,1.6349685481660008,3.256737954873355,-4.766235653979748,1.2790877656221162,8.022973608853103,1636.0655121641778,408.0,101.27402729889907,819751.4294260843,-5,0
694,-0.06627077785744373,1.2748239474099519,1.6251760968898916,4.334021039482196,-5.431439478455276,1.27654530389161,9.765460517937473,1629.5679128877225,7.0,117.90447196967197,817011.2759399553,-5,0
695,0.04151495326195959,1.226030138769565,1.5031499011713185,4.59199574610179,-3.24333726899528,1.2267328121949217,7.835333015097071,1504.8733925156612,209.0,97.4859112365301,755129.7674463161,-5,0
696,0.008346403646790925,1.2395153730440327,1.5363983600124878,4.109949171702983,-3.633876768782358,1.2395434734071746,7.7438259404853405,1536.468022466323,316.0,115.30088284937099,768605.9349194281,-5,0
697,-0.006906828425260885,1.2512252547718639,1.5655646381789157,4.295381027447563,-4.392596419918423,1.2512443176525565,8.687977447365986,1565.6123424578118,374.0,100.93298455799386,782959.8418575225,-5,0
698,0.06330369323327062,1.2203977888540867,1.489370763039944,4.0327417531588665,-3.601404949345027,1.2220385102839093,7.634146702503894,1493.3781206169162,454.0,96.36699403781311,749573.0053291402,-5,0
699,0.014946535981465505,1.205042915452569,1.4521284280824274,5.3942545939459645,-4.205733832807372,1.2051356052412827,9.599988426753336,1452.3518270202726,213.0,109.05020316482468,726339.6280773568,-5,0
700,-0.009947024363478036,1.422351370268291,2.0230834205040855,4.068435645821426,-4.361291865744681,1.4223861514363014,8.429727511566107,2023.1823637977732,50.0,496.53076955118775,1012303.0185630728,-5,1
701,0.020179318699812127,1.4203535359241424,2.017404167012214,4.852144889790827,-4.077058613842953,1.4204968750107838,8.92920350363378,2017.8113719154026,50.0,512.2319718424311,1010622.0727128102,-5,1
702,0.05223301179392051,1.3664523332751823,1.86719197911319,4.439818661131087,-4.554008472657102,1.3674502794011394,8.993827133788189,1869.920266634254,50.0,486.20008641576277,936569.4001670678,-5,1
703,-0.03303512584999281,1.393448255094853,1.9416980396268906,4.479092209704648,-4.634908503809602,1.3938397896339505,9.114000713514251,1942.7893591668155,50.0,464.8494153093602,972280.7823622043,-5,1
704,0.010254854638807766,1.4701433492058704,2.1613214672142536,5.084717384839591,-4.157072765111578,1.470179114685662,9.241790149951168,2161.426629257917,50.0,504.2282603744801,1080766.07513885,-5,1
705,0.038993124576570164,1.4996655181218272,2.2489966662436083,5.116557112568007,-4.900286486580298,1.5001723667658502,10.016843599148306,2250.5171300078528,50.0,526.0244337905525,1126019.321797742,-5,1
706,-0.06023568614127871,1.4430581107213418,2.082416710918648,4.401888883340234,-4.515949221876088,1.4443147332917292,8.917838105216322,2086.045048803559,50.0,473.566139552773,1044853.8322990481,-5,1
707,-0.022704508894683145,1.4446805852487958,2.0871019933948034,4.672391821698899,-5.0087460068660965,1.444858985548054,9.681137828564996,2087.6174881189518,50.0,454.18357193494717,1044425.7491315883,-5,1
708,0.13193930970155338,1.41635434449956,2.0060596291827784,3.6367563973646373,-4.821110377950555,1.4224864184333361,8.457866775315193,2023.4676106273005,50.0,485.6025037688749,1021365.9705885728,-5,1
709,-0.02185760134147721,1.4420136153638168,2.0794032668946256,4.72520462248331,-4.072505001788419,1.4421792612678315,8.797709624271729,2079.8810216310285,50.0,467.25960681036594,1040994.249100853,-5,1
710,0.04541491939378347,1.4657088850690032,2.1483025357702203,4.857045867834082,-4.710734447197186,1.4664123058245808,9.567780315031268,2150.365050673764,50.0,518.7378233154027,1077320.7986078558,-5,1
711,0.06562041362358438,1.4790131139677813,2.1874797912886734,5.2153036790712735,-4.396688449831548,1.4804681117716803,9.611992128902822,2191.785829972804,50.0,482.8364558631731,1098693.464611569,-5,1
712,0.023259195434803925,1.44922340612645,2.1002484808647495,4.443354613617794,-5.024159344343875,1.449410042409333,9.46751395796167,2100.789471037024,50.0,519.9227051255589,1051689.3484355772,-5,1
713,0.020749799712116802,1.432096526039114,2.050900459893299,5.2119718124704715,-4.639598006273228,1.4322468411839462,9.851569818743698,2051.331014081392,50.0,470.7364113058114,1025985.2744433159,-5,1
714,0.00026713646925384185,1.416198145141343,2.00561718630178,4.686501398834652,-5.009172702110335,1.4161981703362259,9.695674100944988,2005.6172576636736,50.0,508.4478459088629,1002951.0810085827,-5,1
715,-0.032111935725359655,1.4408205998094383,2.0759640008352296,4.434345097527203,-4.899812380259381,1.4411783988289786,9.334157477786583,2076.9951772512586,50.0,487.4258282311486,1039212.1847882533,-5,1
716,-0.04805029041521975,1.464261777471004,2.144062552962544,3.941202093423465,-4.77947364640504,1.4650499593432065,8.720675739828504,2146.371383371531,50.0,538.9608069269642,1074688.8586255317,-5,1
717,-0.0011290211919417707,1.4192654404195126,2.014314390369193,4.24457277045495,-4.38500355892894,1.4192658894858443,8.629576329383891,2014.315665058045,50.0,513.8107768287049,1009459.4106733147,-5,1
718,-0.03950533562652753,1.4079015520567502,1.982186780283806,3.618022997761146,-4.422232641315355,1.4084556975023286,8.0402556390765,1983.7474518267707,50.0,478.0976431554353,994619.0919193203,-5,1
719,-0.007424271707949735,1.4090969754250777,1.985554286152102,4.36347156667293,-4.52721077968027,1.4091165338475364,8.890682346353199,1985.6094059624954,50.0,501.09574393467074,994684.4247732109,-5,1
720,0.04380293113601586,1.428914134037308,2.0417956024515895,4.951750912956515,-4.741160435307541,1.429585359196049,9.692911348264056,2043.7142992276963,50.0,492.67648297101204,1023388.6246800395,-5,1
721,0.08062253262080128,1.4605556016037757,2.1332226653761674,5.046013914317984,-4.246718368379896,1.4627790872658657,9.29273228269788,2139.7226581423593,50.0,458.3301306312969,1073113.1229152067,-5,1
722,-0.03763972708836026,1.471863638380376,2.166382569986318,5.074273478939662,-4.387492433927231,1.4723448370003558,9.461765912866893,2167.799319041604,50.0,531.7110461232929,1085872.1217776588,-5,1
723,-0.029898664271612994,1.392740170677951,1.939725183020048,4.5820374659864225,-4.288899598312938,1.3930610586565382,8.87093706429936,1940.6191131452747,50.0,451.7771472598327,971077.4602432157,-5,1
724,0.03890945926601276,1.46403202784444,2.1433897785543037,4.015185527832523,-4.348578066049602,1.4645489833305942,8.363763593882126,2144.9037245746767,50.0,498.7086495262587,1076357.1728149476,-5,1
725,0.04290889074564076,1.4148603581591417,2.0018298330902144,4.105243812462709,-3.7032120663795647,1.4155108639622784,7.808455878842274,2003.6710059952359,50.0,434.27904813361374,1002939.6184525132,-5,1
726,-0.06963947009853265,1.421801984932429,2.021520884357795,5.604876098404922,-4.650605887534429,1.4235064243456719,10.255481985939351,2026.3705401533998,50.0,466.7843524212482,1015918.4891038929,-5,1
727,-0.021370094855412164,1.3925244736568365,1.9391244097332496,4.513185354989153,-4.384811362957457,1.3926884399202066,8.89799671794661,1939.581090687379,50.0,472.598122785002,970785.2007466414,-5,1
728,-0.07673162172318265,1.4718647093234467,2.1663857225517944,4.702050972767198,-4.931494784410802,1.4738634483302935,9.633545757178,2172.2734643240638,50.0,527.6330687753657,1089814.0189656653,-5,1
729,0.007493731658657495,1.4205851230805038,2.01806209191765,4.912044987379572,-4.272505503293441,1.4206048880430555,9.184550490673013,2018.118247931822,50.0,495.9238524859186,1009731.7434969716,-5,1
730,-0.002268488181133957,1.520349002983793,2.311461090873813,3.912210731864577,-5.09576065603168,1.520350695370131,9.007971387896257,2311.4662369124408,50.0,563.3392561876775,1155966.3484065197,-5,1
731,0.027599307519522845,1.4223482371331317,2.0230745076757275,3.9159553839884755,-4.110909435635473,1.4226159810192225,8.026864819623949,2023.836229451285,50.0,492.4057906995464,1012985.1743385367,-5,1
732,-0.01728813633846903,1.4229289966927035,2.0247269296289034,4.127985573512821,-5.220250509961199,1.4230340155059404,9.34823608347402,2025.0258092869608,50.0,493.2870264379965,1012844.1699852238,-5,1
733,0.052025433904228306,1.4962298433951982,2.2387037442664193,4.8526025976060705,-5.026672350894917,1.4971340588068063,9.879274948500989,2241.410390039342,50.0,515.6463769648028,1123204.380055723,-5,1
734,-0.15471761393072164,1.3552684177295675,1.8367524840952054,4.2273151696152755,-4.664084164498938,1.3640711213700043,8.891399334114213,1860.6900241556211,50.0,454.60648649321087,942586.8997667981,-5,1
735,-0.05330150059540762,1.448862215983621,2.099201720904969,4.731059414092956,-4.678473643230578,1.44984232621023,9.409533057323532,2102.042770870691,50.0,496.8329509079942,1052619.8497901782,-5,1
736,0.025603712309779966,1.5220680119832437,2.316691033102624,4.869452929745723,-5.923848674893326,1.5222833452372349,10.793301604639048,2317.346583186666,50.0,534.0318980671058,1159146.621081013,-5,1
737,-0.0033238679123165334,1.444132325263845,2.08551817287196,4.8703329639038335,-3.746131324518789,1.4441361504269112,8.616464288422623,2085.5292209698587,50.0,508.5271220342974,1043942.0123619642,-5,1
738,-0.0036911634330500185,1.4782672022888161,2.185273921362804,4.755437634330906,-4.795117346027929,1.478271810612072,9.550554980358836,2185.2875460502937,50.0,517.6750772837496,1096028.0450463728,-5,1
739,0.028312300067329245,1.4286727943527497,2.041105953323694,4.336963253789928,-4.29335576567443,1.4289533021266987,8.630319019464357,2041.9075396587964,50.0,510.5182839483606,1023375.9492351852,-5,1
740,-0.034194440330442576,1.5008578591062676,2.2525743132410487,4.551652945964282,-5.297387040441109,1.501247339045289,9.84903998640539,2253.743572990561,50.0,527.3323509501353,1128035.623265816,-5,1
741,0.03324611230875898,1.4544750965037851,2.1154978063496954,4.582904096608263,-5.168651729119679,1.4548550135093676,9.75155582572794,2116.6031103333426,50.0,501.14552993779614,1060677.860104857,-5,1
742,0.05604895318206006,1.4071961133291804,1.9802009013687516,4.681828575083355,-3.997053892612109,1.4083118924874405,8.678882467695463,1983.3423865215564,50.0,460.319559530463,993242.6859069407,-5,1
743,-0.04294225250325895,1.4288919606510173,2.041732235213108,4.249456449537644,-4.563224291785075,1.4295370832067151,8.812680741322719,2043.5762722631623,50.0,478.596819769592,1024778.9622180619,-5,1
744,0.029103814112084733,1.4277200977992448,2.0383846776598853,4.801370591188227,-4.600657919925944,1.4280167049638308,9.402028511114171,2039.2317096557563,50.0,506.0312196220881,1021303.3398783407,-5,1
745,-0.08772861349427714,1.4095389582096698,1.9868000747108012,5.0331264264439355,-4.503388692666709,1.4122663999176746,9.536515119110645,1994.4963843364292,50.0,488.41368066366283,1001162.4614100702,-5,1
746,-0.03427001232929742,1.4102904962704153,1.988919283870654,4.3367688968505655,-5.307490757286668,1.4107068149036865,9.644259654137233,1990.093717615704,50.0,494.36816637367036,996003.9835514043,-5,1
747,-0.04043968676485345,1.4206336815210237,2.018200057071977,3.6335141456877444,-4.961109049904685,1.4212091420116943,8.59462319559243,2019.8354253376165,50.0,503.3501223095524,1010977.8895671308,-5,1
748,0.02057451015505449,1.4405129965431593,2.075077693209752,4.838841576617103,-4.435753471396607,1.4406599195083734,9.27459504801371,2075.5010036778726,50.0,534.6249947812722,1038204.277835612,-5,1
749,0.01256166046649119,1.453455894923939,2.112534038489148,4.835674677944319,-4.583616226153775,1.4535101767111311,9.419290904098094,2112.6918338028236,50.0,501.4444967625531,1057584.096844905,-5,1
750,-0.0809402557801627,1.4289191729439186,2.041810002806732,4.354982503479001,-4.61146312503465,1.4312097427744441,8.96644562851365,2048.3613278124903,50.0,488.23980804847486,1027748.6881914455,-5,1
751,0.06436421513080665,1.390099665815212,1.9323770808995642,4.488511714059885,-4.6221012926424025,1.391588959818584,9.110613006702287,1936.5198330889687,50.0,437.4314952216046,970356.1476342398,-5,1
752,0.03935008951448714,1.415798744262184,2.0044860842543772,4.709600853576809,-4.18888597595122,1.4163454782641047,8.898486829528029,2006.034513799175,50.0,497.86907590590613,1004203.174936339,-5,1
753,-0.03990774391697442,1.4177484246053542,2.010010595470964,3.979073794159213,-4.507275072649472,1.418309988505865,8.486348866808685,2011.6032234955064,50.0,486.23715738048685,1008675.8700425229,-5,1
754,-0.008525574649101251,1.4487950980906563,2.0990072362515146,4.660373063303478,-4.884832067588552,1.4488201826571205,9.545205130892029,2099.079921674612,50.0,475.8864673959923,1051669.6550829567,-5,1
755,0.005250579419276335,1.3767295574226146,1.895384274281068,4.035131100302123,-4.532751145305577,1.3767395697318014,8.567882245607699,1895.411842865306,50.0,475.7351297823131,948213.6766345383,-5,1
756,-0.032745505059913145,1.4471548420730238,2.0942571369353984,4.939483535850538,-5.054680794573653,1.4475252692222775,9.99416433042419,2095.329405037027,50.0,514.58011743792,1048617.6626420023,-5,1
757,0.04887874786215844,1.4778641495041744,2.184082444389697,4.255589972367796,-3.8990751801807226,1.4786722342636551,8.154665152548517,2186.4715763822696,50.0,497.6225647931688,1094430.6475415558,-5,1
758,-0.04036074614099621,1.4197993782772673,2.015830274556515,5.006296804480302,-4.780855915708523,1.4203729314463764,9.787152720188825,2017.4592643855729,50.0,486.4447510174905,1009824.6942168918,-5,1
759,0.0250406130049859,1.4264524910950527,2.0347667093512816,4.878253632140168,-5.249009712855957,1.4266722614710594,10.127263344996125,2035.393741650947,50.0,473.24285583462967,1019266.1678592799,-5,1
760,0.01255067047261841,1.4209162224655019,2.019002911265632,4.723122567024493,-3.7731938708486505,1.420971650172847,8.496316437873144,2019.160430594944,50.0,509.77050408870963,1009975.6225169868,-5,1
761,0.06555557802148163,1.4358733398428254,2.06173224807139,5.005673230496707,-5.074438144204397,1.4373690486027313,10.080111374701104,2066.029781881121,50.0,500.8762281662995,1036094.8714336791,-5,1
762,-0.06821027492729877,1.4659125451901631,2.148899590145902,5.2180797150078995,-4.210312663641882,1.4674986309198246,9.428392378649782,2153.5522317515597,50.0,481.8800789024197,1079752.311796837,-5,1
763,0.04214871337335488,1.4068681401319687,1.9792779637183848,4.1460302251401435,-4.641325783212055,1.4074993704287808,8.787356008352198,1981.0544777574141,50.0,459.2036308124587,991695.3696070479,-5,1
764,-0.005871575868282178,1.4366571052796118,2.0639836381503933,4.387702986305088,-4.789696743458587,1.4366691037095392,9.177399729763675,2064.0181135535704,50.0,508.90085058285723,1033167.2256357088,-5,1
765,-0.003783259669338623,1.4740271328970056,2.172755988516567,5.434183776991067,-5.306786821700105,1.4740319879739017,10.740970598691172,2172.7703015702928,50.0,513.9951073652577,1086840.639823873,-5,1
766,0.0011405496675105074,1.4000918063801495,1.9602570662928303,4.064774041833299,-4.128533403109746,1.40009227094016,8.193307444943045,1960.2583671463744,50.0,501.37862535733194,980543.0284368657,-5,1
767,0.09937886519020182,1.4444037655730846,2.086302238001706,4.527363452062707,-4.684979535860741,1.4478184958233538,9.212342987923448,2096.1783968481986,50.0,516.5741233999794,1053383.5922589796,-5,1
768,0.021461653813104966,1.4416183647200977,2.0782635094982487,4.381548578146821,-4.643579399990217,1.441778107783109,9.025127978137037,2078.7241120826425,50.0,554.9842703804476,1039676.3418253122,-5,1
769,0.017995853207540668,1.4555849858586938,2.1187276510572537,4.079483248170225,-4.556067985744729,1.4556962257936652,8.635551233914953,2119.0515017899215,50.0,504.62698322892186,1060081.67467224,-5,1
770,-0.03439489962183069,1.505139373972108,2.2654445350811487,4.835046871407912,-4.720421044828005,1.5055323125729134,9.555467916235918,2266.6275442011447,50.0,539.3990840206613,1134084.5713884505,-5,1
771,-0.013043770804611448,1.5356949967333777,2.3583591229919287,4.514394020275681,-4.200916358592231,1.5357503908346344,8.715310378867912,2358.529262948732,50.0,572.1479537539649,1179437.2871416267,-5,1
772,-0.014377245346394993,1.4569476219081,2.122696372983668,5.812034848907555,-4.4976513247735594,1.4570185579351482,10.309686173681115,2122.9030781674187,50.0,502.02749840421103,1061691.89117641,-5,1
773,-0.026674205305152285,1.375423545823413,1.89178993040545,4.089668469891094,-3.7559004014196846,1.375682173917403,7.845568871310778,1892.5014436341116,50.0,452.2158850855341,946769.4986507632,-5,1
774,0.04172130216254296,1.4683909451860488,2.156171967904378,4.221472696025653,-5.152558228706637,1.4689835380148124,9.374030924732288,2157.912634958516,50.0,508.5469386994097,1080627.0801909976,-5,1
775,0.06317898375966055,1.4750384889696353,2.175738543941825,5.651624250853771,-4.410913717525138,1.4763909129802746,10.062537968378908,2179.7301279307285,50.0,522.183425824858,1092274.4040206983,-5,1
776,0.034913732815093676,1.414402555190383,2.000534588129084,3.941298943696486,-4.980496698774096,1.414833402513585,8.921795642470581,2001.7535568681678,50.0,492.27884590334816,1001901.287970203,-5,1
777,-0.05270977088924491,1.4348955776872965,2.05892531886656,4.912607438280018,-4.521540796445469,1.435863377488874,9.434148234725487,2061.7036388137567,50.0,508.78938007646764,1032817.5058677236,-5,1
778,-0.00020500877387998883,1.452031087462103,2.108394278956377,5.168247197491651,-4.1668420713549645,1.4520311019344503,9.335089268846616,2108.3943209849745,50.0,485.92032242250565,1054244.163767155,-5,1
779,0.008316664090423255,1.4189345268221538,2.0133751914080094,5.621477302890685,-4.696660655455371,1.4189588994433922,10.318137958346057,2013.4443583096026,50.0,465.53378085677514,1006891.3579010222,-5,1
780,-0.024009560156476845,1.419190839851735,2.0141026399190727,4.414884509685541,-4.5529969931901,1.41939391956496,8.967881502875642,2014.6790988979806,50.0,482.58693275871644,1007754.9187908377,-5,1
781,0.0369049918181637,1.4503494817555969,2.1035136192287283,5.010695336020424,-5.162797039414863,1.4508189403401883,10.173492375435288,2104.875597649827,50.0,515.3215260039251,1054382.616377655,-5,1
782,-0.05035077669621908,1.417538684438596,2.0094159218799055,3.9728611475340982,-4.279320656777288,1.4184326288526423,8.252181804311386,2011.9511225938177,50.0,504.5264278750345,1009487.9074931529,-5,1
783,0.13323562831576727,1.4812901303465051,2.194220450261966,5.101364794116958,-3.890943578290275,1.4872700437091655,8.992308372407233,2211.9721829146633,50.0,505.4526616643103,1115894.5176426473,-5,1
784,0.019642984330845766,1.434782140016869,2.0585997893113865,5.150818160113281,-4.325364682397915,1.4349165955360639,9.476182842511196,2058.9856361448083,50.0,501.2749662408173,1029894.9459319346,-5,1
785,0.02979380162039054,1.3857029395584521,1.9201726367009353,3.8982288991249643,-4.108293618129328,1.3860231986932725,8.006522517254293,1921.0603073159305,50.0,505.3767339063005,961908.6626827093,-5,1
786,0.04098398548976479,1.4402295543537948,2.0742611692341306,4.509968648549315,-4.63131066649956,1.4408125680673234,9.141279315048875,2075.9408563007555,50.0,510.01809567617045,1038816.5993097993,-5,1
787,-0.0479096756871883,1.4496342478698694,2.101439452597242,4.480631216930117,-4.716067420950506,1.4504257270269627,9.196698637880623,2103.7347896216934,50.0,470.64266566327956,1053059.8033332953,-5,1
788,-0.0036133539773121654,1.4091804752170995,1.9857896117330902,4.019491219736438,-4.1474696568441995,1.4091851078052364,8.166960876580639,1985.8026680600556,50.0,470.5196894157064,995530.8249837167,-5,1
789,-0.00957112902615983,1.407147799218868,1.9800649288465033,4.478983681803221,-4.614200686640826,1.4071803492649186,9.093184368444048,1980.1565353573387,50.0,465.31700232767804,990643.6952262642,-5,1
790,-0.021628649906177955,1.4819969986190804,2.1963151039159627,4.648787749215295,-4.939726656954689,1.4821548172889116,9.588514406169985,2196.782902412727,50.0,505.08873670565475,1100562.8390520154,-5,1
791,0.007224027620388562,1.42767913989614,2.0382677264945817,4.655264039083133,-4.819149988487885,1.4276974164961012,9.474414027571019,2038.3199130696416,50.0,463.4472481863043,1019193.8154129309,-5,1
792,0.003365299312458867,1.4112981650472245,1.9917625106656631,4.330270056674619,-3.8917578929266536,1.411302177389777,8.222027949601273,1991.7738359051255,50.0,481.2974813497226,995902.1050161982,-5,1
793,0.02374071324946455,1.4401512544934718,2.0740356358191203,4.069306442877912,-4.118637724490321,1.440346922544952,8.187944167368233,2074.5992572847135,50.0,503.87314297537347,1037681.1106170202,-5,1
794,0.042975808961757754,1.4604594752767905,2.1329418789257586,4.3072703794553195,-4.036293914866549,1.4610916463663997,8.343564294321869,2134.788799081676,50.0,490.266957216919,1068832.7439274231,-5,1
795,-0.027088941315685323,1.489478671260431,2.218546712139739,4.508466045675002,-4.970547273432776,1.4897249822975192,9.479013319107779,2219.280522881344,50.0,513.8460683269649,1110528.2807229275,-5,1
796,0.043190381850342234,1.4690403382406194,2.158079515378114,5.174711709545925,-4.567117064888661,1.4696751084721047,9.741828774434588,2159.9449244624925,50.0,501.82185822432785,1084167.9369455082,-5,1
797,-0.00935596243111552,1.4135929592726233,1.9982450545051325,5.163592578503214,-3.814690444325742,1.413623920474659,8.978283022828956,1998.3325885381448,50.0,505.81956472855444,1000549.0268449644,-5,1
798,-0.0011220752649270995,1.4436731435505086,2.0841921454090073,4.057648371974144,-4.336591090133981,1.4436735796092923,8.394239462108125,2084.1934044619074,50.0,504.13114922648316,1042201.8026056604,-5,1
799,-0.042637671926338876,1.4692075126866853,2.1585707153349962,5.216391526710048,-3.853112415072938,1.4698260735210458,9.069503941782987,2160.3886864022948,50.0,515.2834294572507,1082417.280769189,-5,1
800,0.06042894269450672,2.2172918345792567,4.916383079691846,6.075421081449675,-6.589968617994007,2.218115131549087,12.665389699443683,4920.0347368070215,89.0,191.38731061849492,2465057.6342387255,-10,0
801,-0.021293850684931493,2.1786379660708564,4.746463387205357,6.711663102892054,-6.333012572575254,2.1787420258677597,13.044675675467307,4746.9168152823495,272.0,155.04190719871988,2374059.6682209037,-10,0
802,-0.049342356590833414,2.21877366835433,4.9229565913825315,7.467056998718749,-6.324725031582408,2.2193222522960627,13.791782030301157,4925.391259536469,410.0,216.83430488154983,2465269.38857285,-10,0
803,-0.028183649348830397,2.2982836733370875,5.2821078431278154,7.166747863118328,-7.548363188333439,2.2984564736401762,14.715111051451768,5282.902161218433,398.0,167.28582500881103,2644869.34266416,-10,0
804,0.04843963314573644,2.236178300848311,5.000493393184838,7.418592519976361,-7.638332492918337,2.2367028839888707,15.056925012894698,5002.839791244132,145.0,219.53931928786037,2519241.061334611,-10,0
805,-0.07725774918511429,2.2552892872836776,5.086329769336519,7.305427683939993,-8.508471011882397,2.2566121796058956,15.813898695822392,5092.29852914567,353.0,185.05277636715238,2550196.48772307,-10,0
806,0.08348807971361315,2.176829535485076,4.738586826560171,7.02967442771831,-7.5359671251687566,2.1784299589416314,14.565641552887065,4745.557086014438,413.0,163.9814621776876,2385864.248375411,-10,0
807,-0.10920947394284834,2.1400076275338926,4.57963264590324,5.445330048014592,-7.249019316948416,2.142792419974953,12.694349364963006,4591.559355102116,461.0,176.38954402977853,2301746.166148081,-10,0
808,0.000987778095093212,2.2247556229382965,4.9495375817955685,6.400910640174784,-7.269163912606994,2.2247558422220477,13.670074552781777,4949.538557501133,137.0,190.18557804693822,2474771.8857351877,-10,0
809,-0.07482095934882313,2.2863731701486296,5.227502273175494,7.083839497242937,-7.180113252002401,2.287597090646291,14.263952749245338,5233.100449133373,104.0,192.16636861632188,2619891.222698587,-10,0
810,-0.012488137140322026,2.1752738190295244,4.731816187755292,7.363659914905128,-7.757181663845934,2.1753096656164903,15.120841578751062,4731.972141324526,369.0,161.610071209881,2366967.161422924,-10,0
811,-0.1226136068679133,2.2255132370552797,4.9529091683082695,6.983905050587529,-6.086063638519805,2.2288883473376204,13.069968689107334,4967.943264897429,24.0,159.64839152488375,2493213.732961539,-10,0
812,0.049466135392009024,2.172903827956189,4.72151104554666,7.300368266254926,-6.815625208385697,2.173466803081492,14.115993474640623,4723.957944097281,156.0,161.0812275584229,2363276.3828219995,-10,0
813,0.12012565176455461,2.303356301587867,5.305450252064537,6.815877731504809,-6.789378438773705,2.306486597462989,13.605256170278514,5319.880424276395,159.0,205.93968512324676,2670372.7015109416,-10,0
814,-0.12931591109400659,2.2468451228512416,5.048313006080411,6.802086844391048,-7.059607319676502,2.2505633985610105,13.86169416406755,5065.035610942485,500.0,204.7709516385985,2561844.6792197675,-10,0
815,0.051336707323074,2.327523651908313,5.4173663501926095,6.856476818918571,-7.286845625107998,2.328089733603794,14.14332244402657,5420.001807711385,49.0,190.19764954985683,2718183.63301818,-10,0
816,0.15983585550915216,2.176384051483792,4.736647539553005,7.910983186861385,-7.247679237769885,2.1822454124729753,15.15866242463127,4762.1950402593475,135.0,182.086000535439,2393929.9918243093,-10,0
817,0.051132707657821075,2.1394985133412994,4.57745388858963,6.761765766321848,-6.4934349916617,2.1401094463559684,13.255200757983548,4580.068442382049,235.0,161.78694748847357,2293183.6642258675,-10,0
818,0.038419524906713444,2.226598245960456,4.957739748914181,6.762887555539869,-8.221212987555063,2.226929682052902,14.984100543094932,4959.215808808238,190.0,180.12688920897818,2481058.297407876,-10,0
819,-0.052191090801585786,2.2601953227428995,5.108482896948879,7.424906617521091,-6.347470115465032,2.2607978253059113,13.772376732986123,5111.206806907939,499.0,186.76741631316486,2558894.130560916,-10,0
820,-0.05365756341814422,2.123978334909463,4.511283967164775,7.490993624743413,-6.785722979427935,2.124655995985408,14.276716604171348,4514.163101276746,66.0,171.3027539905199,2259914.028817436,-10,0
821,-0.15577440899701714,2.3170417129888023,5.368682299730084,6.575432481778331,-7.112145507469078,2.3222721559344532,13.687577989247409,5392.947966228454,183.0,219.37765349656905,2708671.4409856843,-10,0
822,0.00976165839385018,2.236583954253482,5.002307784424142,7.436563866977675,-6.50290317057552,2.2366052567225045,13.939467037553195,5002.4030743987405,405.0,184.71803366429359,2501267.8223736947,-10,0
823,0.02191159455895616,2.212137221337892,4.893551086028529,6.510350992159094,-7.180787133966606,2.2122457377074194,13.6911381261257,4894.031204004645,218.0,178.4502771799323,2449318.2605264606,-10,0
824,-0.020516954239369695,2.250831432529204,5.066242137661467,7.120484684559085,-8.701841885883935,2.250924939457717,15.822326570443021,5066.663083072726,42.0,182.14975727802766,2535534.384039703,-10,0
825,-0.026638711359596935,2.2571036157696125,5.094516732320258,7.923521641263491,-6.871564295509422,2.2572608075415563,14.795085936772914,5095.226353263159,25.0,188.391723663475,2548059.010338239,-10,0
826,0.05158161323148725,2.274706632489967,5.174290263893847,6.610628984982422,-7.0110213161765556,2.27529139380375,13.621650301158978,5176.950926717411,288.0,176.6276627063666,2590778.680079559,-10,0
827,-0.022652389320522215,2.1977853761875306,4.830260559783766,6.570855253920355,-8.593440513925797,2.197902111224632,15.164295767846152,4830.773690525695,361.0,178.79199430356047,2415666.3119121427,-10,0
828,0.09749666694663595,2.247233973686018,5.050060532488651,7.476942362858033,-6.503728478823067,2.2493479349701224,13.9806708416811,5059.566132554353,299.0,172.81143385287547,2539101.4649891388,-10,0
829,0.021021881906971643,2.3181101055213778,5.373634461320332,7.406331495827186,-6.266464858991192,2.318205422485083,13.672796354818377,5374.076380839243,311.0,186.470403066251,2691166.3760794527,-10,0
830,-0.06957051194199153,2.2181652602027446,4.92025712157031,6.376550672799959,-7.111122513580301,2.219255996432629,13.48767318638026,4925.0971777021805,195.0,179.43446368462446,2468024.9849717375,-10,0
831,-0.02003015289102414,2.238703918460356,5.011795234529752,6.979519965241807,-6.87074463471956,2.2387935236538876,13.850264599961367,5012.196441554591,277.0,186.15882130743256,2510239.8164139856,-10,0
832,-0.18387873497084453,2.174517351760789,4.7285257131087555,6.72057060556417,-7.217479215147999,2.1822779617370545,13.93804982071217,4762.337102283233,95.0,180.65022859587748,2408514.8326588282,-10,0
833,-0.037448694726059654,2.1835436623027618,4.767862925182558,6.162545096599006,-7.771349311406755,2.183864769146488,13.933894408005761,4769.2653299192425,442.0,156.40653242389018,2387197.2686076537,-10,0
834,0.012750852573077232,2.1520571926209318,4.631350160311485,6.3746771901136405,-8.350997138636588,2.152094966434527,14.725674328750229,4631.512744552827,240.0,240.42659061205597,2322512.163234547,-10,0
835,-0.04203913312950069,2.1861430605000507,4.779221480972528,6.324349960395189,-8.785140940653484,2.186547225578905,15.109490901048673,4780.988769686807,14.0,174.35227390130933,2394727.5075846035,-10,0
836,-0.04100014904045328,2.1538724585814584,4.639166567835737,6.979519609432655,-6.3751331213515305,2.1542626534517737,13.354652730784185,4640.847580057076,72.0,208.10396557599313,2321333.694406078,-10,0
837,-0.06986736437865218,2.179104083638601,4.748494607330427,6.287332061809681,-7.0784063760089575,2.1802238545469694,13.365738437818639,4753.376055935646,322.0,165.1282187552104,2379298.22937571,-10,0
838,0.07678584628756861,2.2594335627221933,5.105040024355503,6.809135604975433,-7.9717520129813355,2.26073795264856,14.780887617956768,5110.9360905456015,19.0,184.3436161554613,2559005.751433946,-10,0
839,0.040485482547756205,2.3583998061588214,5.562049645689967,7.909729330514158,-7.090014675180313,2.358747277685147,14.99974400569447,5563.688719987093,447.0,200.94155481791984,2784956.5998874544,-10,0
840,0.017654943552405874,2.251041048559022,5.0671858022977005,7.43777119878473,-6.064182770051921,2.2511102814676893,13.50195396883665,5067.497499329539,411.0,174.39519810999658,2547537.388591571,-10,0
841,-0.11461143253200515,2.2305342228419978,4.975282919269355,6.009952306720373,-7.764624046187381,2.2334768187148026,13.774576352907754,4988.418699736394,16.0,179.75051463603705,2504555.190093217,-10,0
842,0.03235667207341832,2.2957040651460545,5.27025715472812,6.992666983163956,-6.88036722852612,2.2959320784717887,13.873034211690076,5271.304108955787,180.0,189.2164038813755,2636290.917279723,-10,0
843,-0.025296495496050554,2.3018589623322203,5.298554682469167,8.008233878226024,-6.762025136296741,2.3019979572435654,14.770259014522765,5299.194595153547,215.0,176.07712884636288,2656207.8265808374,-10,0
844,0.018384414774725116,2.2492256789148017,5.0590161546897505,6.64854448936072,-6.57342744967905,2.249300811673788,13.22197193903977,5059.354141396361,128.0,179.56547702645778,2538857.459512948,-10,0
845,-0.08882711697117841,2.1534573352032655,4.63737849454075,7.270882215287868,-6.959821949144686,2.155288554057243,14.230704164432554,4645.268751250162,220.0,166.32580705310713,2327734.1089088293,-10,0
846,-0.013143470477911286,2.2012485252187526,4.8454950697777335,7.243893759757076,-7.8172184088167675,2.2012877641494164,15.061112168573842,4845.667820593936,340.0,179.16081011497317,2423526.6313411454,-10,0
847,0.07071778527412832,2.305583802479856,5.31571667025747,7.256421002620828,-7.448868421411667,2.3066680895637215,14.705289424032495,5320.717675411548,212.0,169.02697897548538,2663330.1267015985,-10,0
848,-0.0994589008826409,2.319457871596616,5.379884818111504,6.062035160867144,-7.618268746957575,2.3215893028432673,13.680303907824719,5389.776891076288,320.0,176.84327960001568,2702633.6271444093,-10,0
849,0.03247366238321903,2.226899929932181,4.959083297931952,7.086069005050089,-7.060809257408013,2.227136690165319,14.146878262458102,4960.137836680531,453.0,181.34377028408665,2482867.411210483,-10,0
850,-0.05826793758865488,2.239547288837986,5.015572058941574,6.760460595344707,-8.173853714247638,2.2403051603503505,14.934314309592345,5018.96721149241,183.0,185.31972390596854,2516373.9601674783,-10,0
851,0.1816629964003472,2.272049761054595,5.162210116708241,7.512359568444488,-6.894253263782964,2.279300673664928,14.406612832227452,5195.211560969394,184.0,201.83852727988526,2615290.9644550616,-10,0
852,-0.045553102421653176,2.273662941319363,5.169543170729018,7.315442274084227,-6.088676716550299,2.274119226397168,13.404118990634526,5171.618255869254,80.0,209.67691258793135,2586886.464785184,-10,0
853,-0.08082397460458364,2.124156311379373,4.512040035172824,6.620772402950502,-6.401530565607285,2.1256934280473527,13.022302968557787,4518.5725500437065,38.0,183.28513007332688,2262556.120150148,-10,0
854,-0.0811166630567726,2.2124897787243594,4.8951110209597655,6.437893217533574,-6.805940159984646,2.2139762722272414,13.24383337751822,4901.690933985232,216.0,195.36938008812754,2455744.9708462367,-10,0
855,0.06576421703392998,2.1972947455893914,4.8281041989947475,6.975659676432819,-7.337029207962831,2.19827867460812,14.312688884395651,4832.429131236833,223.0,155.84627252827198,2419033.330586533,-10,0
856,0.04075273069675094,2.3282311030423064,5.4206600691735956,7.895210020576405,-7.100585670764923,2.3285877381436237,14.995795691341328,5422.3208542328375,366.0,216.88704028643642,2715974.2613737592,-10,0
857,-0.07960043048700452,2.257988541475337,5.0985122534339204,6.812832575257038,-6.823540672716824,2.259391175066336,13.63637324797386,5104.848481967638,415.0,200.3747200085269,2555999.270696938,-10,0
858,-0.08474684044325695,2.23013578440952,4.973505616903865,6.774932953864351,-6.42922605193797,2.2317454254168374,13.204159005802321,4980.68764386898,111.0,170.36040739953572,2497885.758471758,-10,0
859,-0.08830800392372103,2.276861536243971,5.184098455227255,8.224672719585877,-8.46108685172475,2.2785734043002095,16.685759571310626,5191.896758784247,184.0,179.0957248466081,2605985.995566218,-10,0
860,-0.011907632499479967,2.292623680924556,5.2561233423360605,6.291420992583,-7.324407081159138,2.2926546041756493,13.615828073742138,5256.265134047802,54.0,181.9406514287835,2639513.9097410934,-10,0
861,-0.08465324573317091,2.2367328104028807,5.00297366513277,7.2531405517813345,-7.417858377455269,2.2383341656566675,14.670998929236603,5010.139837145931,71.0,164.63851358236798,2509603.5744764293,-10,0
862,-0.007334160028873119,2.2157600254030316,4.909592490174043,6.8916068314445145,-8.501275439713234,2.2157721633952736,15.392882271157749,4909.646280077372,401.0,179.10932954076816,2461617.7156250793,-10,0
863,-0.08746783133292861,2.162829376576398,4.677830912181849,5.564356137181056,-6.836486806923404,2.1645973144444057,12.400842944104461,4685.4815336999345,371.0,168.1107355018204,2346816.05459853,-10,0
864,-0.002856595279437492,2.2627423124341552,5.120002772479869,8.02890159879811,-7.4124950241795915,2.262744115585423,15.4413966229777,5120.010932616459,3.0,203.51000628078705,2568989.8497029543,-10,0
865,0.02432033614717715,2.27755437296627,5.1872539218177804,7.493812353801468,-6.62822762411462,2.277684218799457,14.122039977916089,5187.845400568093,347.0,170.45839641683125,2601093.6955687087,-10,0
866,0.08857595635924058,2.207243253911181,4.871922781936418,6.575183032599905,-8.273208274763995,2.2090198011745783,14.848391307363901,4879.768481981373,55.0,186.51246194454507,2446502.7414817167,-10,0
867,0.09736130500797542,2.29123042762673,5.249736872482568,5.970597954977932,-6.4046441937292675,2.2932980827174263,12.3752421487072,5259.216096195424,361.0,191.22213777861873,2635117.4769783188,-10,0
868,-0.10356651754227772,2.211642432008014,4.891362247058324,5.889626880329388,-6.8749681764158215,2.214066004123219,12.76459505674521,4902.088270614158,56.0,172.4168572728482,2456407.3985134736,-10,0
869,0.02945366677470078,2.185507893056124,4.776444750610619,6.354352876759884,-6.901176038078353,2.18570635472771,13.255528914838237,4777.312269097094,426.0,181.6724399566267,2391729.2437510146,-10,0
870,0.09707489255127681,2.2097478209158123,4.882985432042181,6.539289077660441,-7.474169232250118,2.211879057906653,14.013458309910558,4892.408966806022,381.0,178.91282984941,2452081.401989909,-10,0
871,0.008627131489393843,2.2132412301774704,4.898436742957483,5.994938620500232,-6.751718187844251,2.213258044231449,12.746656808344483,4898.511170355219,63.0,171.0635399252671,2449472.6682862956,-10,0
872,-0.068740234085885,2.2209688471874363,4.932702620177089,6.224669167332441,-7.323702259274288,2.2220323669918205,13.548371426606728,4937.427839959271,297.0,179.14301367240944,2476086.534613983,-10,0
873,0.041010428061827565,2.2719907802091637,5.161942105355444,7.833820167414976,-6.951857119606386,2.272360878154097,14.785677287021361,5163.623960565259,23.0,215.70111830659366,2584399.3405928863,-10,0
874,0.06259924063768638,2.2423549005261307,5.028155499913554,6.311340139827367,-6.697256357536909,2.243228513736835,13.008596497364277,5032.074164841969,451.0,191.94653593545542,2517996.4246809892,-10,0
875,0.06860156981160173,2.221550215182754,4.93528535857854,7.268864278724382,-7.95762362181941,2.2226091725625436,15.226487900543791,4939.991533959155,181.0,200.01514818830964,2473972.132616575,-10,0
876,0.0818879467520036,2.232998971656645,4.986284407419634,6.907775729014143,-6.027312140856607,2.2344999537352632,12.935087869870749,4992.990043242893,491.0,178.85321759649477,2501854.0220549777,-10,0
877,-0.1218332164771635,2.266344480702307,5.136317305209809,7.5154185655521974,-6.678316708550792,2.2696168482470735,14.19373527410299,5151.1606378469805,3.0,154.4113237106924,2584254.3058324447,-10,0
878,0.12064943171959976,2.2086005000798825,4.877916168953107,6.71734101536148,-6.966358643775118,2.211893409350317,13.683699659136598,4892.47245432737,409.0,184.96395383518322,2460308.4698144086,-10,0
879,-0.04264414598553214,2.1923808656918022,4.806533860251536,5.978588531960205,-7.9672304809830905,2.192795563530347,13.945819012943296,4808.352383438372,345.0,188.99194215783928,2405092.5992840836,-10,0
880,-0.012846777629403647,2.1844324038980454,4.771744927199793,7.000884742102577,-6.710730007422653,2.1844701799052446,13.711614749525229,4771.909966895253,469.0,167.7459934244518,2387438.4758305135,-10,0
881,-0.0015774967812214554,2.2712769481513337,5.158698975203637,6.994223733535751,-6.28392829515759,2.2712774959699953,13.278152028693341,5158.701463699732,212.0,234.8180313121377,2585728.2611453347,-10,0
882,0.009405406874131685,2.217813404012378,4.9186962950169715,7.921154827774826,-6.167065164009459,2.2178333473675247,14.088219991784285,4918.78475669544,231.0,170.10344846932568,2462597.8697159053,-10,0
883,0.08123621439232903,2.228533351524243,4.966360898855875,6.821081441325058,-5.948183938306191,2.230013502511739,12.76926537963125,4972.960221384673,421.0,181.29265072752946,2491872.0793999694,-10,0
884,-0.09223538750023005,2.2604540416715477,5.109652474509235,6.835214504125264,-7.126089254230427,2.2623350417691346,13.96130375835569,5118.159841216553,282.0,179.2211489587619,2563428.534964284,-10,0
885,0.0616307506353329,2.280664474617475,5.201430445782203,6.9269888673943,-7.660066543582241,2.281497051325309,14.587055410976541,5205.228795206078,429.0,169.27605932781518,2606019.2855675244,-10,0
886,-0.058667811858103124,2.2367318425071376,5.002969335285376,7.845919677974917,-6.849576810148159,2.2375011167446583,14.695496488123077,5006.411247433593,400.0,170.87859539385857,2518121.9994565733,-10,0
887,0.009212993231636627,2.1596038488752916,4.663888784076972,6.028432248992117,-7.222419268547286,2.1596235003632596,13.250851517539402,4663.973663321258,476.0,159.3159987567044,2332034.7811521525,-10,0
888,-0.0028714970563578747,2.181238599786298,4.757801829197689,8.871512394349997,-6.508828096352284,2.18124048988025,15.380340490702281,4757.810074693033,163.0,168.3770927020746,2379286.1099789906,-10,0
889,-0.10584874980415977,2.237182480656825,5.0049854517578245,6.346042019137154,-7.0165183145548,2.2396851139374325,13.362560333691953,5016.189409592929,206.0,181.19642610736662,2515705.6167781283,-10,0
890,0.01688607228575948,2.247336892547278,5.050523108604056,7.621262611097282,-7.051150829712242,2.2474003310583757,14.672413440809525,5050.808248041296,408.0,170.62805759857275,2527651.2369096545,-10,0
891,0.03708472052767089,2.257924519045805,5.09822313370823,8.26120641233354,-7.080696069078186,2.258229042901726,15.341902481411726,5099.598410204846,484.0,188.6173318455444,2550686.96734521,-10,0
892,0.08211227457738281,2.305222717895681,5.314051779102349,7.3239030385529515,-7.512574851384976,2.306684678220805,14.836477889937928,5320.79420473862,475.0,161.89691632149834,2667560.323140183,-10,0
893,0.09386733822999514,2.170603594177477,4.71151996305618,8.27786248358219,-6.5401870567234575,2.1726322837154393,14.818049540305648,4720.331040242565,410.0,187.068285598318,2365602.808159436,-10,0
894,-0.09362102571867781,2.266010661589691,5.13480431843815,8.53178033998427,-7.429518229215012,2.2679438297486043,15.961298569199283,5143.569214894767,305.0,220.3833740943542,2576375.078871094,-10,0
895,-0.011028925247761301,2.2529939352256965,5.0759816721637705,8.900177206603447,-6.660282265876896,2.2530209296311234,15.560459472480343,5076.103309355892,104.0,195.82234401287323,2538584.9267072896,-10,0
896,0.008348571114370443,2.3315217518549076,5.435993679372578,6.4455242553545276,-6.956965281439496,2.3315366988345323,13.402489536794024,5436.063378012228,179.0,218.15493299602375,2718870.0054963008,-10,0
897,0.020422320894537244,2.2587256583109276,5.101841599512133,7.920179394021259,-7.089050368379457,2.2588179808702717,15.009229762400716,5102.258670702851,496.0,179.75479318881872,2551706.7305351677,-10,0
898,-0.08719055196729227,2.2034953832023128,4.855391903793906,6.367315877293077,-6.825749466558167,2.2052197387440255,13.193065343851245,4862.994096146267,176.0,196.8286018774336,2445484.129542284,-10,0
899,-0.07369618388480004,2.3029692947332228,5.303667572484038,7.547967147972988,-7.377928243198803,2.3041481506194907,14.925895391171792,5309.09870000322,375.0,204.83190783756032,2657342.159734104,-10,0
900,0.05368162237339358,2.3589974082988086,5.564868772360496,8.492975768960836,-7.390554236571266,2.359608121900994,15.883530005532101,5567.750488941136,50.0,476.8515955263714,2789880.672292915,-10,1
901,-0.006894396721756582,2.3222517441111554,5.392853163027304,7.098984484992405,-7.466774230557353,2.3222619782732226,14.565758715549759,5392.900695733461,50.0,500.3901129377649,2700094.6616615886,-10,1
902,0.0032982312824210176,2.397991560470235,5.750363524086471,7.887251076420973,-7.567634073874441,2.397993828685984,15.454885150295414,5750.374402416064,50.0,560.4707514542027,2878908.832603041,-10,1
903,-0.03252885094619615,2.352828818243316,5.535803447956238,7.453759381205336,-7.52862276983606,2.3530536700424234,14.982382151041396,5536.861574100118,50.0,543.8050188300662,2768984.3646337693,-10,1
904,-0.06980117873961184,2.359658620584588,5.567988805699162,6.866680042683857,-7.855715071990605,2.3606907909026544,14.722395114674462,5572.861010252601,50.0,568.657615857728,2788936.7664135895,-10,1
905,0.017077228534700388,2.301204291227508,5.295541189963897,6.35513308126983,-7.391575267859783,2.3012676553800353,13.746708349129612,5295.832821698325,50.0,519.8936306880097,2650075.3171703797,-10,1
906,0.046489640972516344,2.3608390135373294,5.57356084783991,8.94571862165179,-7.193850616819198,2.3612967061675376,16.13956923847099,5575.722134557662,50.0,520.9604365148575,2790463.400979113,-10,1
907,0.057569970926198304,2.3318233745803534,5.437400250239307,7.169790050135255,-7.542367683787123,2.3325339336849424,14.712157733922378,5440.714551791751,50.0,463.9771989107653,2725034.391526765,-10,1
908,-0.047532269660576415,2.373023707192782,5.631241514898974,7.4305991141088015,-7.914308469037538,2.3734997011919043,15.34490758314634,5633.50083155806,50.0,541.1480552066371,2821264.001743152,-10,1
909,-0.03527777587523684,2.3920458024293128,5.721883120919694,8.202675222331932,-8.287644524419756,2.3923059257524733,16.490319746751688,5723.127642390398,50.0,517.0639759019101,2868954.5239321114,-10,1
910,-0.12132115248143985,2.2926684114907836,5.256328445047672,6.8739245142841545,-6.851995433291569,2.2958761436730635,13.725919947575724,5271.047267087097,50.0,440.61137120577365,2644210.0933945375,-10,1
911,-0.053220354664972026,2.3556075771057223,5.548887057317892,7.666814017007479,-7.017185413457368,2.356208705413966,14.683999430464848,5551.7194634685575,50.0,522.3907248490655,2785414.7961891545,-10,1
912,-0.026241660912946593,2.375751961490938,5.6441973825280405,7.783261401854193,-8.252733808451826,2.3758968848196065,16.03599521030602,5644.88600729551,50.0,439.1279919592066,2831484.4265072905,-10,1
913,-0.03360953296696072,2.3985456745411247,5.753021352859938,6.739169807186901,-11.230145142719982,2.3987811391550906,17.96931494990688,5754.150953566195,50.0,488.44305261736764,2877689.9580404344,-10,1
914,-0.08637941569607256,2.378683947752222,5.658137323294096,7.263829249585855,-7.769178289939335,2.380251820028732,15.03300753952519,5665.598726750091,50.0,415.11191366273795,2841745.7042358667,-10,1
915,0.06017566370396911,2.38178822795941,5.672915162846026,7.314325331122309,-7.500947611047621,2.382548273036296,14.81527294216993,5676.536273348238,50.0,550.3918332591546,2840931.120777757,-10,1
916,-0.16155596317448503,2.2572030776655514,5.094965733822837,7.993291407821737,-8.787543323027089,2.262977256416881,16.780834730848827,5121.066063060072,50.0,448.7240017764068,2575425.0397177218,-10,1
917,0.04738368483197547,2.4626202071694085,6.0644982847591,10.631565255929795,-7.51724535110628,2.4630760236637754,18.148810607036076,6066.743498347356,50.0,486.6536386358214,3035810.579333629,-10,1
918,-0.10022615904124675,2.446714418097855,5.986411443727926,8.087162491270199,-6.72947444322471,2.4487663683340815,14.816636934494909,5996.456726684088,50.0,523.9838505470411,3004794.0428785114,-10,1
919,0.0197664293934722,2.3631555514864546,5.58450416052125,7.676596888063592,-7.635938276850372,2.3632382174152946,15.312535164913964,5584.894872252218,50.0,606.4428799911083,2793019.0399029218,-10,1
920,-0.050831625355276404,2.357288967877615,5.556811278077512,7.421283410325496,-8.131576276546182,2.35783696048174,15.552859686871678,5559.395132213771,50.0,497.21407357043194,2782469.8573518046,-10,1
921,-0.016337279307740715,2.2338137249430976,4.989923757744156,8.235168080954214,-5.95809063782685,2.2338734665238618,14.193258718781063,4990.190664439336,50.0,487.09194147385074,2502632.298251739,-10,1
922,0.08847067124676411,2.281364195656272,5.20462259322239,7.006456103873701,-6.727017089034885,2.283078985250673,13.733473192908587,5212.449652893243,50.0,421.8257487430286,2612331.8744723815,-10,1
923,-0.04533304489283641,2.4017615914385946,5.768458742109651,8.606974667779825,-7.175349221780655,2.402189382015687,15.78232388956048,5770.513827068908,50.0,505.4054172519603,2890516.328727907,-10,1
924,0.07814409449114623,2.2784837479851996,5.191488189832682,7.868531772363513,-6.74802916153357,2.2798233899441693,14.616560933897084,5197.5946893365235,50.0,492.5203412953929,2602053.8757972,-10,1
925,0.026054732006453384,2.3287450608631084,5.423053558494322,7.54762172319261,-6.564546191010116,2.3288908105693253,14.112167914202725,5423.73240755425,50.0,499.9916532625953,2712887.219079814,-10,1
926,-0.0953189421828929,2.4057281714589838,5.787528034951386,8.718800668386692,-7.931750909818734,2.407615778252471,16.650551578205427,5796.613735690253,50.0,541.0464204094172,2902994.696945693,-10,1
927,-0.08130872937506159,2.3454398269642067,5.501087981909889,7.63030866137748,-6.396232312660177,2.346848757671119,14.026540974037658,5507.699091382475,50.0,576.9874325132848,2757729.17678604,-10,1
928,0.06220088239235991,2.3591528882707715,5.565602350236324,6.660859870821316,-6.460954088817799,2.3599727328947493,13.121813959639116,5569.471300006711,50.0,527.2463639575419,2786806.428683611,-10,1
929,0.05509475448094114,2.4047691643275724,5.78291473370073,8.043815513093788,-7.207866018162314,2.40540020904465,15.251681531256104,5785.950165672045,50.0,488.0628970235223,2896957.4438265935,-10,1
930,0.0059599862189627225,2.3209699687030416,5.3869015956213975,7.305878515150112,-8.594341880004196,2.3209776209729225,15.900220395154307,5386.937117057128,50.0,414.1068258421201,2693630.062719101,-10,1
931,0.017597523390030546,2.367289841050255,5.604061191539743,7.0221439190177275,-6.665438869659167,2.367355246761501,13.687582788676895,5604.370864369206,50.0,547.4245202933707,2812745.3157434557,-10,1
932,-0.09559063517561313,2.242131180443508,5.0271522303169975,7.845783198747671,-7.0526903664213565,2.2441679526831932,14.898473565169027,5036.289799850275,50.0,381.56092771666,2523127.6429890217,-10,1
933,-0.0004524444451880285,2.381706417694478,5.672525460087063,8.126715382958633,-7.372796011442986,2.3817064606691227,15.499511394401619,5672.525664793038,50.0,508.11345405592056,2842112.41934539,-10,1
934,0.0046370536571337904,2.3784257726699556,5.656909156100676,7.171369212752637,-7.018146959051788,2.378430292938453,14.189516171804424,5656.930658367295,50.0,508.17186066031064,2842267.2769987825,-10,1
935,-0.07229650936009802,2.3630649970307367,5.584076180191876,6.665814572626499,-6.865770539574545,2.364170671812323,13.531585112201045,5589.302965457531,50.0,644.502040312464,2797613.8276740424,-10,1
936,-0.10202385942297393,2.325211319537213,5.4066076805039875,7.676790005154281,-8.530950016845692,2.3274485060674373,16.207740021999975,5417.016548395546,50.0,529.2700860974372,2713712.756116241,-10,1
937,-0.020643967105916813,2.340457212996315,5.477739965866479,9.785045955377441,-7.974947538087724,2.34054825612384,17.759993493465167,5478.166139244349,50.0,575.1984019131231,2744591.0084956684,-10,1
938,-0.12057692320665567,2.2435154438026315,5.033361546580919,8.110259646515225,-7.7575250697630285,2.2467532888572577,15.867784716278253,5047.900340990904,50.0,456.46696775549583,2533044.5225018905,-10,1
939,-0.044458601465644426,2.3927031544404853,5.725028385269448,7.867074699344461,-7.068040036224343,2.3931161594276467,14.935114735568805,5727.00495251373,50.0,505.3193421926948,2870818.2380978465,-10,1
940,0.040180120172661635,2.3204202251359485,5.384350021219967,6.880708667443775,-7.834805678058093,2.3207680761500185,14.715514345501868,5385.964463277057,50.0,529.5960988372796,2698206.890459924,-10,1
941,0.07432939031138654,2.397094053759665,5.746059902569945,7.750432062575194,-8.760633246575518,2.3982461843676535,16.511065309150712,5751.584760834008,50.0,590.6429311868707,2878586.705881304,-10,1
942,-0.052194936894677565,2.3218788109337383,5.391121212663071,7.362347651061504,-6.386906682497339,2.322465397826308,13.749254333558843,5393.845524100511,50.0,425.34953665151215,2698378.8184522027,-10,1
943,-0.025038419063370027,2.2673436159328433,5.140847072711422,6.7929998600067325,-7.600515983640636,2.267481862141485,14.393515843647368,5141.473995140615,50.0,556.7996361475278,2571317.9609718286,-10,1
944,-0.15643503921392193,2.310855031754662,5.3400509777858405,6.545512054431533,-7.955044266701187,2.3161439720534864,14.50055632113272,5364.522899279702,50.0,519.5787478734824,2695008.4034545077,-10,1
945,0.037711128622619126,2.2751495823209695,5.176305621935282,6.980577842285504,-7.0489629006061865,2.2754620961811853,14.02954074289169,5177.727751157274,50.0,518.6779075468825,2591231.7356807454,-10,1
946,-0.03173810948286146,2.3296226652337757,5.42714176237092,7.6587990330112765,-7.815887857441586,2.3298388506427794,15.474686890452862,5428.149069964466,50.0,470.1680992824684,2716606.0845739217,-10,1
947,0.09195990567141822,2.291590984280109,5.25138923923388,7.025681517604296,-7.622816617102595,2.2934353846326205,14.648498134706891,5259.845863484976,50.0,512.8246584270086,2634157.4800338293,-10,1
948,0.05217541694914644,2.4096268040128748,5.806301334617301,8.461269958023658,-6.777126428242259,2.410191612455557,15.238396386265919,5809.023608751118,50.0,582.9416564732411,2905921.5091156987,-10,1
949,-0.053423297601274476,2.436603402065572,5.9370361389575175,9.70711843223046,-6.918693670747931,2.437188993017183,16.625812102978394,5939.890187684111,50.0,559.0882505686203,2971925.432789414,-10,1
950,-0.09506636714510998,2.397334563265046,5.747213008225209,7.142236430643003,-7.059296393702596,2.399218752508278,14.201532824345598,5756.250622387379,50.0,584.4420499061931,2882658.2802185877,-10,1
951,-0.10269001528271532,2.3881444631798563,5.703233977016604,7.042581608706763,-8.305368414643464,2.390351274657214,15.347950023350228,5713.779216255368,50.0,489.1189150094202,2863074.66803256,-10,1
952,0.015498482433869191,2.2175545993584684,4.917548401135897,7.646627926145242,-6.550015516032088,2.217608758120704,14.19664344217733,4917.78860409365,50.0,460.69658089491554,2460447.736430652,-10,1
953,-0.024666922390101185,2.4465140229155597,5.985430864322476,8.926161122101549,-7.243437895821,2.4466383715994224,16.16959901792255,5986.039321382674,50.0,540.1853958345915,2994372.830811541,-10,1
954,-0.11771955532304483,2.405293295902401,5.7854358393130365,6.128948240772532,-7.258074043580877,2.4081722805934156,13.38702228435341,5799.293733018492,50.0,534.2655093468607,2906823.914883311,-10,1
955,-0.09681829409534459,2.2721374974860136,5.162608807482004,6.946987366230447,-8.031996646582142,2.274199329336269,14.978984012812589,5171.982589553536,50.0,480.39424721276356,2590943.7797407554,-10,1
956,-0.014565711266232705,2.325383341323897,5.407407684106692,7.641811800401128,-7.163497061385738,2.3254289591495554,14.805308861786866,5407.619844051384,50.0,516.3431192366512,2703916.179561407,-10,1
957,-0.11607849268254725,2.224208738031029,4.947104510333583,6.660831464586819,-7.80553647746237,2.227235669343735,14.466367942049189,4960.578726797035,50.0,418.55260442696704,2491486.330331583,-10,1
958,-0.10776874423789982,2.3818010557493925,5.672976269168921,7.1814406540421265,-8.21140820583331,2.3842379015952946,15.392848859875436,5684.590371403534,50.0,549.6389158353779,2848105.4811527627,-10,1
959,0.01956757394614379,2.2887612024857904,5.238427842004201,6.9395949644217145,-7.143596119931148,2.2888448466321036,14.083191084352862,5238.810731954339,50.0,416.20099381142234,2623639.8958663475,-10,1
960,-0.02616497146266699,2.310335625671332,5.337650703246144,7.286927591882115,-7.184840380342323,2.3104837824528843,14.471767972224438,5338.335308977787,50.0,487.0366731965493,2670006.0988951814,-10,1
961,-0.05202903915157425,2.297549324544126,5.278732898713169,8.29018944182532,-6.957366513059723,2.2981383595484854,15.247555954885042,5281.439919628205,50.0,476.02997890236634,2643847.7363386783,-10,1
962,0.01771885038161409,2.401417465197638,5.766805842156249,6.652048433759893,-8.903009861046193,2.4014828335457854,15.555058294806086,5767.119799815095,50.0,542.6068741498391,2883866.847200226,-10,1
963,0.04989217031337925,2.391734112645554,5.720392065592414,10.217534478842198,-7.9919754096797675,2.3922544376071277,18.209509888521964,5722.881294250994,50.0,529.8312705569102,2864010.4097179035,-10,1
964,0.023791876183984272,2.363911161924323,5.5880759814704035,7.492034104550442,-6.429435054788733,2.3640308870323072,13.921469159339175,5588.642034842757,50.0,474.58417327734975,2795991.2213703534,-10,1
965,-0.017341643068663374,2.4072878760915466,5.7950349183773495,8.644983607545777,-7.179486789849817,2.407350338227004,15.824470397395594,5795.33565096167,50.0,618.5800043502167,2900441.7994344956,-10,1
966,0.03791464302129117,2.398245945594873,5.751583615562247,9.13073945659745,-7.413428467575176,2.398545629275724,16.544167924172626,5753.021135717678,50.0,517.1274240205605,2894438.6564194327,-10,1
967,-0.05199936580175638,2.4236214769148177,5.873941063362762,7.40929082056332,-8.09993355226191,2.4241792420129635,15.50922437282523,5876.644997406546,50.0,551.5431579654739,2939839.5489021754,-10,1
968,0.005707461485030073,2.36692229096062,5.602321131446268,9.649963996533739,-8.006796045375038,2.366929172274251,17.656760041908775,5602.353706562872,50.0,530.7609879435284,2801696.45571641,-10,1
969,0.01908413703050787,2.2588086579527165,5.102216553242153,7.493936343504451,-6.788904230900943,2.2588892751811347,14.282840574405395,5102.5807575283525,50.0,434.21636662427113,2555912.7906503975,-10,1
970,-0.11118226393682624,2.3066581582565746,5.320671859051612,7.639087449400115,-7.7750493408259045,2.3093361286018395,15.41413679022602,5333.033354865731,50.0,573.314294477057,2673195.1579291006,-10,1
971,0.07483442247026673,2.3350278519616303,5.452355069436546,7.915453745676933,-8.023880035668657,2.336226714217395,15.93933378134559,5457.955260223005,50.0,448.30034559691853,2731925.042407747,-10,1
972,0.011649417584504385,2.404922625461077,5.7836528344546,7.582107480147205,-7.630810437312694,2.40495084011808,15.2129179174599,5783.788543384658,50.0,496.1074376736222,2892456.160604684,-10,1
973,-0.06662027055941405,2.346310560685296,5.505173247183348,9.021247586057349,-6.938811143641094,2.3472561657460305,15.960058729698442,5509.611507632757,50.0,535.1974348617424,2757635.7875303393,-10,1
974,0.003836411042508683,2.2931530237803788,5.258550790473095,8.112150012142743,-6.917707735712819,2.2931562329075583,15.029857747855562,5258.565508522783,50.0,482.8846265075038,2629290.154101235,-10,1
975,-0.1643991856232671,2.3079779223403336,5.326762090010404,7.418363165707443,-7.638566445255812,2.3138256594315822,15.056929610963255,5353.789182243997,50.0,541.3631532870314,2694545.053047723,-10,1
976,-0.015101870531634209,2.304691748360185,5.311604054959526,8.511692262835753,-7.992510384707594,2.3047412265703673,16.504202647543348,5311.832121453081,50.0,492.8401508357987,2657456.375782984,-10,1
977,0.10993880093012172,2.239086686360115,5.01350918903512,8.038353982555446,-6.855135736691647,2.241784050479678,14.893489719247093,5025.595728985072,50.0,402.81362108020016,2524717.382172351,-10,1
978,-0.06782762035351989,2.328116881085912,5.420128211997193,7.79480730693239,-8.610240139905416,2.329104720290613,16.405047446837806,5424.728798080016,50.0,492.73018158023484,2716087.531848303,-10,1
979,0.03429698085039339,2.2928568524870823,5.25719254599697,6.4636760951005705,-8.34140137855308,2.293113348461524,14.80507747365365,5258.368828892422,50.0,477.51152364116143,2630580.0333294226,-10,1
980,-0.05145071966731881,2.388155557181512,5.703286965296937,9.493342720989501,-8.76749552459051,2.388709723229514,18.26083824558001,5705.934141851222,50.0,476.5672664933534,2854290.7624802683,-10,1
981,-0.060343654940228704,2.3190563089642953,5.378022164147102,6.9889832880145875,-7.697690307110627,2.319841270612851,14.686673595125214,5381.663520838647,50.0,469.75633606338374,2693726.0765817557,-10,1
982,0.0473991224659421,2.38332633729078,5.680244430023886,7.3403047519398426,-8.694052488093709,2.3837976228770823,16.03435724003355,5682.491106834427,50.0,575.2509849263455,2845447.924467586,-10,1
983,-0.05530085310866561,2.332425830394678,5.440210254292304,7.1085802118780546,-7.265685715486168,2.3330813184813874,14.374265927364222,5443.26843864685,50.0,484.4667915800027,2733456.271926197,-10,1
984,-0.15352805582817422,2.33695874666782,5.461376183627229,6.625588657173557,-6.8617976249437325,2.3419963807729527,13.487386282117289,5484.947047553609,50.0,499.46853626945267,2754790.9325983273,-10,1
985,0.09150467621759828,2.2919539425702764,5.253052874863434,8.606228326403123,-6.511538011132027,2.2937798457204046,15.11776633753515,5261.425980633122,50.0,459.3627685631882,2635466.844064411,-10,1
986,0.05900626633806911,2.4612375421372907,6.057690238826012,6.136737452383313,-6.669825839569426,2.461944755329244,12.806563291952738,6061.171978293171,50.0,598.4875498851011,3034438.1867505144,-10,1
987,-0.044609000337409624,2.3881444793003737,5.703234054012852,8.005242868240453,-7.484803728392868,2.3885610766576506,15.49004659663332,5705.224016923956,50.0,496.61553491783644,2854819.5586491963,-10,1
988,-0.04426930390648566,2.2454424728713054,5.042011898974404,7.331348774597956,-7.0172070782278775,2.2458788191357897,14.348555852825832,5043.971670242769,50.0,561.6154791590893,2529439.2853210513,-10,1
989,-0.008605712563236587,2.3327414765622962,5.441682796474042,8.155657159112588,-7.16904314511027,2.332757350167986,15.324700304222858,5441.756854762763,50.0,472.604739509948,2722263.3314011954,-10,1
990,0.01721685043628788,2.310475793655374,5.338298393067432,7.602499151601727,-7.537945642171183,2.310539939712443,15.14044479377291,5338.594813006378,50.0,451.81781235307386,2672286.6646211785,-10,1
991,0.01609083502652558,2.3115714518818478,5.343362577155154,7.849661716684992,-6.588194161761673,2.3116274553065432,14.437855878446666,5343.621492127006,50.0,578.2406960165542,2672922.4302072283,-10,1
992,0.022013177779320266,2.2703866299136646,5.154655449290726,6.8537552894139,-8.047554582273424,2.270493344911337,14.901309871687324,5155.14002928667,50.0,494.81841204492656,2577827.442724067,-10,1
993,-0.12288922050419583,2.295147818711918,5.267703509738075,6.446038976727794,-7.240043888221183,2.2984353961454307,13.686082864948977,5282.805270254203,50.0,381.4097232952518,2649323.5498978933,-10,1
994,0.039159647924578975,2.403094106331032,5.77486128388294,7.200341505525272,-7.330539518349358,2.4034131484013557,14.530881023874631,5776.394761908517,50.0,574.0276421712863,2890704.7557796454,-10,1
995,-0.03408187566412862,2.332246423532345,5.439373380079413,6.953097903884263,-8.329317945821293,2.332495435006937,15.282415849705556,5440.534954328199,50.0,568.840217018159,2722559.374712936,-10,1
996,0.11708390730084915,2.3469500407754693,5.508174493895977,8.205657364021697,-7.341169590094713,2.349868748514438,15.54682695411641,5521.883135244811,50.0,530.0178337776874,2772533.7369650267,-10,1
997,0.056486242657144886,2.4174962114458203,5.844287932354893,8.171998545776567,-7.914227603163642,2.418156038795763,16.08622614894021,5847.478627964415,50.0,630.3589955866828,2932836.9916716563,-10,1
998,-0.12248535520462317,2.307831578451774,5.3260865944992055,7.039064684532216,-6.644693698760049,2.311079673386188,13.683758383292265,5341.089256738809,50.0,550.5922735883703,2679103.931234845,-10,1
999,-0.1345700520016456,2.291858455676843,5.252615180857442,7.2293073345182925,-7.209015232039127,2.2958058018380316,14.43832256655742,5270.724279753167,50.0,480.05072293607174,2644422.575219753,-10,1
